path,routes_files,components,page_files,nav_labels,nav_sections,nav_modules,nav_perms,route_module,route_perm,url_owner,tags,notes
/action-center,miscRoutes.tsx,ActionCenter,pages/action-center,مراكز التحكم;مركز القرارات,الرئيسية,,,,,action-center,canonical,
/activity-log,miscRoutes.tsx,ActivityLog,pages/activity-log,سجل الحركات,النظام,,,,,activity-log,canonical,
/admin,adminRoutes.tsx,Admin,pages/admin,الأدوار والصلاحيات (v2);مدير النظام,النظام,admin,"""admin.roles:view"", ""admin.roles:update""",,,admin,canonical,
/admin/ai-governance,adminRoutes.tsx,AdminAiGovernance,pages/admin-ai-governance,حوكمة الذكاء الاصطناعي,النظام,,"""admin:list"", ""admin:view""",,,admin,canonical,
/admin/ai-governance/prompts/:x,adminRoutes.tsx,AdminAiPromptDetail,pages/admin-ai-prompt-detail,,,,,,,admin,deep-link-only,
/admin/approval-overrides,adminRoutes.tsx,AdminApprovalOverrides,pages/admin/approval-overrides-report,تجاوزات الموافقات,النظام,,admin:update,,,admin,canonical,
/admin/attendance-categories,adminRoutes.tsx,AdminAttendanceCategories,pages/admin/attendance-categories,,,,,,,admin,cross-module-duplicate;orphan,route exists but not in nav
/admin/communication-control,adminRoutes.tsx,AdminCommunicationControl,pages/admin-communication-control,مركز التحكّم بالاتصالات,النظام,,"""admin:list"", ""admin:view""",,,admin,canonical,
/admin/data-import,adminRoutes.tsx,AdminDataImport,pages/admin-data-import,استيراد البيانات,النظام,,admin:update,,,admin,canonical,
/admin/digital-signature,adminRoutes.tsx,AdminDigitalSignature,pages/admin-digital-signature,التوقيع الرقمي,النظام,,"""admin:list"", ""admin:view""",,,admin,canonical,
/admin/domain-registry,adminRoutes.tsx,AdminDomainRegistry,pages/admin-domain-registry,سجل النطاقات,النظام,,"""admin:list"", ""admin:view""",,,admin,canonical,
/admin/effective-permissions,adminRoutes.tsx,AdminEffectivePermissions,pages/admin/effective-permissions,الصلاحيات الفعلية للمستخدم,الموارد البشرية,,,,,admin,canonical,
/admin/event-monitor,adminRoutes.tsx,AdminEventMonitor,pages/admin-event-monitor,مراقبة الأحداث,النظام,,"""admin:list"", ""admin:view""",,,admin,canonical,
/admin/expiring-docs,adminRoutes.tsx,AdminExpiringDocs,pages/admin/expiring-docs,الوثائق الحكومية المنتهية,النظام,,"""admin:list"", ""admin:view""",,,admin,canonical,
/admin/gl-reconciliation,adminRoutes.tsx,AdminGlReconciliation,pages/admin-gl-reconciliation,تسوية GL;تشخيص محاسبي,النظام,,"""admin:list"", ""admin:view""",,,admin,canonical,
/admin/integrations,adminRoutes.tsx,AdminIntegrations,pages/admin-integrations,التكاملات والاتصالات;مركز التكاملات,النظام,,admin:update,,,admin,canonical,
/admin/integrations-diagnostics,adminRoutes.tsx,AdminIntegrationsDiagnostics,pages/admin-integrations-diagnostics,تشخيص التكاملات,النظام,,admin:update,,,admin,canonical,
/admin/intelligence-playground,adminRoutes.tsx,AdminIntelligencePlayground,pages/admin-intelligence-playground,مختبر الذكاء,النظام,,admin:update,,,admin,canonical,
/admin/job-titles,adminRoutes.tsx,AdminJobTitles,pages/admin/job-titles,قوالب المسميات الوظيفية,النظام,,hr.employees:update,,,admin,canonical,
/admin/journeys,adminRoutes.tsx,AdminJourneys,pages/admin-journeys,تتبّع الرحلات الحيّة,النظام,,"""admin:list"", ""admin:view""",,,admin,canonical,
/admin/lifecycle-monitor,adminRoutes.tsx,AdminLifecycleMonitor,pages/admin-lifecycle-monitor,مراقبة دورة الحياة,النظام,,"""admin:list"", ""admin:view""",,,admin,canonical,
/admin/logs,adminRoutes.tsx,AdminLogs,pages/admin/logs,سجل المراجعة;سجلات التدقيق,النظام,,"""audit:read"", ""admin:read""",,,admin,canonical,
/admin/master-plan,adminRoutes.tsx,AdminMasterPlan,pages/admin-master-plan,خارطة #1139 الحيّة,النظام,,"""admin:list"", ""admin:view""",,,admin,canonical,
/admin/monitoring,adminRoutes.tsx,AdminMonitoring,pages/admin-monitoring,المراقبة والمتابعة;مركز المراقبة,النظام,,"""admin:list"", ""admin:view""",,,admin,canonical,
/admin/notification-routing,adminRoutes.tsx,AdminNotificationRouting,pages/admin-notification-routing,توجيه الإشعارات,النظام,,"""admin:list"", ""admin:view""",,,admin,canonical,
/admin/observability,adminRoutes.tsx,AdminObservability,pages/admin-observability,مرصد المراقبة الموحّد,النظام,,"""admin:list"", ""admin:view""",,,admin,canonical,
/admin/org-memberships,adminRoutes.tsx,AdminOrgMemberships,pages/admin/org-memberships,عضويات المؤسسة (فرق/لجان/مشاريع),الموارد البشرية,,,,,admin,canonical,
/admin/org-model,adminRoutes.tsx,AdminOrgModel,pages/admin/org-model,نموذج المؤسسة التشغيلي,الموارد البشرية,,,,,admin,canonical,
/admin/outbox,adminRoutes.tsx,AdminEventOutbox,pages/admin-event-outbox,صندوق الأحداث الصادرة,النظام,,"""admin:list"", ""admin:view""",,,admin,canonical,
/admin/pbx-control,adminRoutes.tsx,AdminPbxControl,pages/admin-pbx-control,مركز التحكّم بالـ PBX,النظام,,"""admin:list"", ""admin:view""",,,admin,canonical,
/admin/pdpl,adminRoutes.tsx,AdminPdpl,pages/admin-pdpl,حماية البيانات (PDPL),النظام,,"""admin:list"", ""admin:view""",,,admin,canonical,
/admin/policy-engine,adminRoutes.tsx,AdminPolicyEngine,pages/admin-policy-engine,السياسات والحوكمة;محرك السياسات,النظام,,admin:update,,,admin,canonical,
/admin/posting-failures,adminRoutes.tsx,AdminPostingFailures,pages/admin-posting-failures,إخفاقات الترحيل,النظام,,"""admin:list"", ""admin:view""",,,admin,canonical,
/admin/print-diagnostics,adminRoutes.tsx,AdminPrintDiagnostics,pages/admin/print-diagnostics,تشخيص الطباعة,النظام,admin,"""admin:list"", ""admin:view""",,,admin,canonical,
/admin/print-templates,adminRoutes.tsx,AdminPrintTemplates,pages/admin/print-templates,قوالب الطباعة (admin),النظام,admin,"""admin:list"", ""admin:view""",,,admin,canonical,
/admin/rbac-matrix,adminRoutes.tsx,AdminRbacMatrix,pages/admin-rbac-matrix,مصفوفة الأدوار,النظام,,admin.roles:view,,,admin,canonical,
/admin/roles,adminRoutes.tsx,RbacSimpleEditor,pages/admin/rbac-simple-editor,الأدوار (الكلاسيكي),النظام,,"""admin.roles:view"", ""admin.roles:update""",,,admin,canonical;tabbed-page,
/admin/roles-simple,adminRoutes.tsx,RbacSimpleEditor,pages/admin/rbac-simple-editor,مُركّب الأدوار,النظام,,admin.roles:update,,,admin,canonical;tabbed-page,
/admin/scoring-weights,adminRoutes.tsx,AdminScoringWeights,pages/admin/scoring-weights,,,,,,,admin,cross-module-duplicate;orphan,route exists but not in nav
/admin/system-governor,adminRoutes.tsx,AdminSystemGovernor,pages/admin-system-governor,حاكم النظام,النظام,,"""admin:list"", ""admin:view""",,,admin,canonical,
/admin/system-registry,adminRoutes.tsx,AdminSystemRegistry,pages/admin-system-registry,سجل الكيانات,النظام,,"""admin:list"", ""admin:view""",,,admin,canonical,
/admin/user-onboarding,adminRoutes.tsx,AdminUserOnboarding,pages/admin/user-onboarding,إنشاء سريع وصلاحيات,النظام,,"""admin:update""",,,admin,canonical,
/admin/users,adminRoutes.tsx,AdminUsers,pages/admin/users,المستخدمين;المستخدمين والصلاحيات,النظام,,"""admin:list"", ""admin:update""",,,admin,canonical,
/admin/vendor-settings,adminRoutes.tsx,AdminVendorSettings,pages/admin-vendor-settings,إعدادات المزوّدات,النظام,,"""admin:list"", ""admin:view""",,,admin,canonical,
/admin/violations-report,adminRoutes.tsx,AdminViolationsReport,pages/admin-violations-report,تقرير المخالفات,النظام,,"""hr:approve"", ""admin:view""",,,admin,canonical,
/admin/zatca-audits,adminRoutes.tsx,AdminZatcaAudits,pages/admin-zatca-audits,مراجعات ZATCA,النظام,,"""admin:list"", ""admin:view""",,,admin,canonical,
/assistant,adminRoutes.tsx,AssistantAsk,pages/assistant-ask,اسأل غيث,الرئيسية,,,,,assistant,canonical,
/automation,miscRoutes.tsx,Automation,pages/automation,الأتمتة,النظام,admin,admin:update,admin,,automation,canonical,
/bi,biRoutes.tsx,BI,pages/bi,ذكاء الأعمال;لوحة التحليلات,النظام,bi,,,,bi,canonical,
/bi/admin-reports,biRoutes.tsx,BiAdminReports,pages/bi-admin-reports,التقارير الإدارية,النظام,,,,,bi,canonical,
/bi/dashboards,biRoutes.tsx,BiDashboards,pages/bi-dashboards,لوحات BI,النظام,,,,,bi,canonical,
/bi/dashboards/create,biRoutes.tsx,DashboardsCreate,pages/create/bi/dashboards-create,,,,,,,bi,deep-link-only,
/bi/kpis,biRoutes.tsx,BiKpis,pages/bi-kpis,مؤشرات الأداء,النظام,,,,,bi,canonical,
/bi/kpis/create,biRoutes.tsx,KpisCreate,pages/create/bi/kpis-create,,,,,,,bi,deep-link-only,
/bi/operations,biRoutes.tsx,BiOperations,pages/bi-operations,تحليل الأداء,النظام,,,,,bi,canonical,
/bi/reports,biRoutes.tsx,BiReports,pages/bi-reports,التقارير التحليلية,النظام,,,,,bi,canonical,
/bi/reports/create,biRoutes.tsx,BiReportsCreate,pages/create/bi/reports-create,,,,,,,bi,deep-link-only,
/calendar,miscRoutes.tsx,CalendarPage,pages/calendar,التقويم الموحد,الرئيسية,,,,,calendar,canonical,
/clients,miscRoutes.tsx,Clients,pages/clients,العملاء والمبيعات,العلاقات,crm,,crm,,clients,canonical,
/clients/:x,miscRoutes.tsx,ClientDetail,pages/client-detail,,,,,crm,,clients,deep-link-only,
/clients/:x/statement,miscRoutes.tsx,CustomerStatement,pages/finance/customer-statement,,,,,crm,,clients,deep-link-only,
/clients/create,miscRoutes.tsx,ClientsCreate,pages/create/clients-create,,,,,crm,,clients,deep-link-only,
/communications,commsRoutes.tsx,Communications,pages/communications,مراقبة الاتصالات,الإدارة والحوكمة,,,,,communications,canonical,
/communications/notification-engine,commsRoutes.tsx,NotificationEngine,pages/notification-engine,محرك الإشعارات,الإدارة والحوكمة,,,,,communications,canonical,
/correspondence,commsRoutes.tsx,Correspondence,pages/comms/correspondence,الصادر والوارد,الإدارة والحوكمة,,,,,correspondence,canonical,
/correspondence/:x,commsRoutes.tsx,CorrespondenceDetail,pages/details/correspondence-detail,,,,,,,correspondence,deep-link-only,
/correspondence/create,commsRoutes.tsx,CorrespondenceCreate,pages/create/comms/correspondence-create,,,,,,,correspondence,deep-link-only,
/crm,miscRoutes.tsx,CRM,pages/crm,الفرص التجارية,العلاقات,,,crm,,crm,canonical;tabbed-page,
/crm/:x,miscRoutes.tsx,OpportunityDetail,pages/details/opportunity-detail,,,,,crm,,crm,deep-link-only,
/crm/activities,miscRoutes.tsx,CrmActivities,pages/crm/activities,أنشطة علاقات العملاء,العلاقات,,,crm,,crm,canonical,
/crm/create,miscRoutes.tsx,CrmCreate,pages/create/crm-create,,,,,crm,,crm,deep-link-only,
/crm/leads/:x,miscRoutes.tsx,LeadDetail,pages/crm/lead-detail,,,,,crm,,crm,deep-link-only,
/crm/pipeline,miscRoutes.tsx,CRM,pages/crm,قمع المبيعات,العلاقات,,,crm,,crm,canonical;tabbed-page,
/daily-close,miscRoutes.tsx,DailyClose,pages/daily-close,الإقفال اليومي,الإدارة والحوكمة,,,operations,,daily-close,canonical,
/dashboard,miscRoutes.tsx,Dashboard,pages/dashboard,لوحة التحكم,الرئيسية,home,,,,dashboard,canonical,
/documents,documentsRoutes.tsx,DocumentsPage,pages/documents-page,المستندات;جميع المستندات,الإدارة والحوكمة,documents,,,,documents,canonical;tabbed-page,
/documents/:x/versions,documentsRoutes.tsx,VersionUpload,pages/create/documents/version-upload,,,,,,,documents,deep-link-only,
/documents/archive,documentsRoutes.tsx,DocumentsArchive,pages/documents/archive,الأرشيف,الإدارة والحوكمة,,,,,documents,canonical,
/documents/create,documentsRoutes.tsx,DocumentsCreate,pages/create/documents/documents-create,,,,,,,documents,deep-link-only,
/documents/folders,documentsRoutes.tsx,DocumentsPage,pages/documents-page,المجلدات,الإدارة والحوكمة,,,,,documents,canonical;tabbed-page,
/documents/ocr-inbox,documentsRoutes.tsx,DocumentsOcrInbox,pages/documents-ocr-inbox,صندوق OCR,الإدارة والحوكمة,,,,,documents,canonical,
/documents/templates,documentsRoutes.tsx,DocumentsTemplates,pages/documents/templates,القوالب,الإدارة والحوكمة,,,,,documents,canonical,
/documents/upload,documentsRoutes.tsx,DocumentsUpload,pages/documents/documents-upload,رفع مستند,الإدارة والحوكمة,,,,,documents,canonical,
/employees,hrRoutes.tsx,Employees,pages/employees,الموظفون;قائمة الموظفين,الموارد البشرية,hr,,,,employees,canonical,
/employees/:x,hrRoutes.tsx,EmployeeDetail,pages/employee-detail,,,,,,,employees,deep-link-only,
/employees/create,hrRoutes.tsx,EmployeesCreate,pages/create/employees-create,,,,,,,employees,deep-link-only,
/exec-dashboard,miscRoutes.tsx,ExecDashboard,pages/exec-dashboard,لوحة القيادة التنفيذية,الرئيسية,,,,,exec-dashboard,canonical,
/finance,financeRoutes.tsx,Dashboard,pages/finance/dashboard,اللوحات والإقفال;لوحة المالية,المالية والمحاسبة,finance,,,,finance,canonical,
/finance/account-recon-workpaper,financeRoutes.tsx,AccountReconWorkpaper,pages/finance/account-reconciliation-workpaper,ورقة عمل تسوية حساب,المالية والمحاسبة,,,,,finance,canonical,
/finance/accounts,financeRoutes.tsx,Accounts,pages/finance/accounts,الحسابات والقيود;شجرة الحسابات,المالية والمحاسبة,finance,,,,finance,canonical,
/finance/accounts/:x,financeRoutes.tsx,AccountDetail,pages/details/account-detail,,,,,,,finance,deep-link-only,
/finance/accounts/:x/edit,financeRoutes.tsx,AccountsEdit,pages/create/finance/accounts-edit,,,,,,,finance,deep-link-only,
/finance/accounts/create,financeRoutes.tsx,AccountsCreate,pages/create/finance/accounts-create,,,,,,,finance,deep-link-only,
/finance/allocation-coverage,financeRoutes.tsx,AllocationCoverage,pages/finance/allocation-coverage,تشخيص التغطية,المالية والمحاسبة,,,,,finance,canonical,
/finance/allocation-override-log,financeRoutes.tsx,AllocationOverrideLog,pages/finance/allocation-override-log,تجاوزات الإلزام,المالية والمحاسبة,,,,,finance,canonical,
/finance/allocation-results,financeRoutes.tsx,AllocationResults,pages/finance/allocation-results,سجل التوجيه,المالية والمحاسبة,,,,,finance,canonical,
/finance/allocation-rules,financeRoutes.tsx,AllocationRules,pages/finance/allocation-rules,قواعد التوجيه,المالية والمحاسبة,,,,,finance,canonical,
/finance/allocation-rules/:x/edit,financeRoutes.tsx,AllocationRuleEdit,pages/create/finance/allocation-rule-edit,,,,,,,finance,deep-link-only,
/finance/allocation-rules/create,financeRoutes.tsx,AllocationRuleCreate,pages/create/finance/allocation-rule-create,,,,,,,finance,deep-link-only,
/finance/ap-aging,financeRoutes.tsx,ApAging,pages/finance/ap-aging,تقادم الذمم الدائنة,المالية والمحاسبة,,,,,finance,canonical,
/finance/ap-payment-calendar,financeRoutes.tsx,ApPaymentCalendar,pages/finance/ap-payment-calendar,تقويم الدفعات,المالية والمحاسبة,,,,,finance,canonical,
/finance/approvals-inbox,financeRoutes.tsx,ApprovalsInbox,pages/finance/approvals-inbox,Approvals Inbox,المالية والمحاسبة,,,,,finance,canonical,
/finance/ar-aging,financeRoutes.tsx,ArAging,pages/finance/ar-aging,تقادم الذمم,المالية والمحاسبة,,,,,finance,canonical,
/finance/ar-collection-workbench,financeRoutes.tsx,ArCollectionWorkbench,pages/finance/ar-collection-workbench,منضدة التحصيل,المالية والمحاسبة,,,,,finance,canonical,
/finance/bad-debt,financeRoutes.tsx,BadDebt,pages/finance/bad-debt,الديون المعدومة,المالية والمحاسبة,,,,,finance,canonical,
/finance/bad-debt-provision,financeRoutes.tsx,BadDebtProvision,pages/finance/bad-debt-provision,الديون المشكوك بها;مخصص ديون مشكوك فيها,المالية والمحاسبة,,,,,finance,canonical,
/finance/bank-accounts-watch,financeRoutes.tsx,BankAccountsWatch,pages/finance/bank-accounts-watch,مراقبة البنوك,المالية والمحاسبة,,,,,finance,canonical,
/finance/bank-guarantees,financeRoutes.tsx,BankGuarantees,pages/finance/bank-guarantees,الضمانات البنكية,المالية والمحاسبة,,,,,finance,canonical,
/finance/bank-reconciliation,financeRoutes.tsx,BankReconciliation,pages/finance/bank-reconciliation,التسوية البنكية,المالية والمحاسبة,,,,,finance,canonical,
/finance/bank-reconciliation/manual-match/:x/:x,financeRoutes.tsx,BankManualMatch,pages/create/finance/bank-manual-match,,,,,,,finance,deep-link-only,
/finance/budget,financeRoutes.tsx,Budget,pages/finance/budget,الموازنة والفترات والالتزامات;الميزانية,المالية والمحاسبة,finance,,,,finance,canonical,
/finance/budget-approvals,financeRoutes.tsx,BudgetApprovals,pages/finance/budget-approvals,اعتماد الميزانية,المالية والمحاسبة,,,,,finance,canonical,
/finance/budget-heatmap,financeRoutes.tsx,BudgetHeatmap,pages/finance/budget-heatmap,خريطة حرارية,المالية والمحاسبة,,,,,finance,canonical,
/finance/budget-variance,financeRoutes.tsx,BudgetVariance,pages/finance/budget-variance,انحرافات الميزانية,المالية والمحاسبة,,,,,finance,canonical,
/finance/budget/:x,financeRoutes.tsx,BudgetDetail,pages/details/budget-detail,,,,,,,finance,deep-link-only,
/finance/budget/create,financeRoutes.tsx,BudgetCreate,pages/create/finance/budget-create,,,,,,,finance,deep-link-only,
/finance/cash-13week,financeRoutes.tsx,Cash13Week,pages/finance/cash-13week,13-Week Cash,المالية والمحاسبة,,,,,finance,canonical,
/finance/cash-calendar,financeRoutes.tsx,CashCalendar,pages/finance/cash-calendar,تقويم النقدية,المالية والمحاسبة,,,,,finance,canonical,
/finance/cash-flow-forecast,financeRoutes.tsx,CashFlowForecast,pages/finance/cash-flow-forecast,توقعات التدفق النقدي,المالية والمحاسبة,,,,,finance,canonical,
/finance/cash-position-calculator,financeRoutes.tsx,CashPositionCalculator,pages/finance/cash-position-calculator,حاسبة الوضع النقدي,المالية والمحاسبة,,,,,finance,canonical,
/finance/cashflow,financeRoutes.tsx,CashflowDashboard,pages/finance/cashflow-dashboard,لوحة التدفق النقدي,المالية والمحاسبة,,,,,finance,canonical,
/finance/cfo-cockpit,financeRoutes.tsx,CfoCockpit,pages/finance/cfo-cockpit,CFO Cockpit,المالية والمحاسبة,,,,,finance,canonical,
/finance/collection,financeRoutes.tsx,CollectionStages,pages/finance/collection-stages,مراحل التصعيد,المالية والمحاسبة,,,,,finance,canonical,
/finance/collections,financeRoutes.tsx,Collections,pages/finance/collections,التحصيل والديون,المالية والمحاسبة,finance,,,,finance,canonical,
/finance/commitments,financeRoutes.tsx,Commitments,pages/finance/commitments,الالتزامات,المالية والمحاسبة,,,,,finance,canonical,
/finance/commitments/:x,financeRoutes.tsx,CommitmentDetail,pages/details/commitment-detail,,,,,,,finance,deep-link-only,
/finance/contracts,financeRoutes.tsx,VendorContracts,pages/finance/vendor-contracts,عقود الموردين,المالية والمحاسبة,,,,,finance,canonical,
/finance/cost-center-pnl,financeRoutes.tsx,CostCenterPnl,pages/finance/cost-center-pnl,Cost Center P&L,المالية والمحاسبة,,,,,finance,canonical,
/finance/cost-centers,financeRoutes.tsx,CostCenters,pages/finance/cost-centers,مراكز التكلفة,المالية والمحاسبة,,,,,finance,canonical,
/finance/cost-centers/:x/pnl,financeRoutes.tsx,CostCenterDrillPnl,pages/finance/cost-center-drill-pnl,,,,,,,finance,deep-link-only,
/finance/cost-centers/ranking,financeRoutes.tsx,CostCenterRanking,pages/finance/cost-center-ranking,ترتيب مراكز التكلفة,المالية والمحاسبة,,,,,finance,canonical,
/finance/cost-centers/tree,financeRoutes.tsx,CostCentersTree,pages/finance/cost-centers-tree,شجرة مراكز التكلفة,المالية والمحاسبة,,,,,finance,canonical,
/finance/custodies,financeRoutes.tsx,Custodies,pages/finance/custodies,العهد,المالية والمحاسبة,,,,,finance,canonical,
/finance/custodies/:x,financeRoutes.tsx,CustodyDetail,pages/finance/custody-detail,,,,,,,finance,deep-link-only,
/finance/custodies/report,financeRoutes.tsx,CustodyAgingReport,pages/finance/custody-aging-report,تقرير العهد,المالية والمحاسبة,,,,,finance,canonical,
/finance/custody-workbench,financeRoutes.tsx,CustodyWorkbench,pages/finance/custody-workbench,منضدة العُهد,المالية والمحاسبة,,,,,finance,canonical,
/finance/customer-360-sheet,financeRoutes.tsx,Customer360Sheet,pages/finance/customer-360-sheet,ملف العميل 360°,المالية والمحاسبة,,,,,finance,canonical,
/finance/customer-advances,financeRoutes.tsx,CustomerAdvances,pages/finance/customer-advances,دفعات مقدمة من العملاء,المالية والمحاسبة,,,,,finance,canonical,
/finance/customer-advances-workbench,financeRoutes.tsx,CustomerAdvancesWorkbench,pages/finance/customer-advances-workbench,منضدة دفعات العملاء المقدمة,المالية والمحاسبة,,,,,finance,canonical,
/finance/customer-advances/:x/apply,financeRoutes.tsx,CustomerAdvancesApply,pages/create/finance/customer-advances-apply,,,,,,,finance,deep-link-only,
/finance/customer-advances/create,financeRoutes.tsx,CustomerAdvancesCreate,pages/create/finance/customer-advances-create,,,,,,,finance,deep-link-only,
/finance/customer-risk,financeRoutes.tsx,CustomerRisk,pages/finance/customer-risk,مخاطر العملاء,المالية والمحاسبة,,,,,finance,canonical,
/finance/customer-statement-print,financeRoutes.tsx,CustomerStatementPrint,pages/finance/customer-statement-print,كشف حساب عميل للطباعة,المالية والمحاسبة,,,,,finance,canonical,
/finance/daily-close-checklist,financeRoutes.tsx,DailyCloseChecklist,pages/finance/daily-close-checklist,فحص الإغلاق اليومي,المالية والمحاسبة,,,,,finance,canonical,
/finance/dimensional-routing,financeRoutes.tsx,DimensionalRouting,pages/finance/dimensional-routing,التوجيه البُعدي,المالية والمحاسبة,,,,,finance,canonical,
/finance/dormant-entities,financeRoutes.tsx,DormantEntities,pages/finance/dormant-entities,الجهات الخاملة,المالية والمحاسبة,,,,,finance,canonical,
/finance/dunning,financeRoutes.tsx,Dunning,pages/finance/dunning,متابعة Dunning,المالية والمحاسبة,,,,,finance,canonical,
/finance/entity-360,financeRoutes.tsx,Entity360,pages/finance/entity-360,ملف الجهة 360°,المالية والمحاسبة,,,,,finance,canonical,
/finance/entity-pnl/:x/:x,financeRoutes.tsx,EntityPnl,pages/finance/entity-pnl,,,,,,,finance,deep-link-only,
/finance/entity-ranking,financeRoutes.tsx,EntityRanking,pages/finance/entity-ranking,ترتيب الجهات,المالية والمحاسبة,,,,,finance,canonical,
/finance/entity-statements,financeRoutes.tsx,EntityStatements,pages/finance/entity-statements,كشف الحساب التحليلي,المالية والمحاسبة,,,,,finance,canonical,
/finance/expense-bulk-approvals,financeRoutes.tsx,ExpenseBulkApprovals,pages/finance/expense-bulk-approvals,اعتماد مصاريف بالجملة,المالية والمحاسبة,,,,,finance,canonical,
/finance/expense-burn-rate,financeRoutes.tsx,ExpenseBurnRate,pages/finance/expense-burn-rate,معدل الحرق,المالية والمحاسبة,,,,,finance,canonical,
/finance/expense-mix,financeRoutes.tsx,ExpenseMixAnalyzer,pages/finance/expense-mix-analyzer,محلّل مزيج المصاريف,المالية والمحاسبة,,,,,finance,canonical,
/finance/expenses,financeRoutes.tsx,Expenses,pages/finance/expenses,المصروفات,المالية والمحاسبة,,,,,finance,canonical,
/finance/expenses/:x,financeRoutes.tsx,ExpenseDetail,pages/details/expense-detail,,,,,,,finance,deep-link-only,
/finance/expenses/create,financeRoutes.tsx,ExpensesCreate,pages/create/finance/expenses-create,,,,,,,finance,deep-link-only;tabbed-page,
/finance/expenses/multi-line,financeRoutes.tsx,ExpensesCreate,pages/create/finance/expenses-create,مصروفات متعددة البنود,المالية والمحاسبة,,,,,finance,canonical;tabbed-page,
/finance/expenses/split,financeRoutes.tsx,CostSplitter,pages/create/finance/cost-splitter,موزّع التكاليف,المالية والمحاسبة,,,,,finance,canonical,
/finance/financial-requests,financeRoutes.tsx,FinancialRequests,pages/finance/financial-requests,الطلبات المالية,المالية والمحاسبة,,,,,finance,canonical,
/finance/financial-requests/:x,financeRoutes.tsx,FinancialRequestDetail,pages/details/financial-request-detail,,,,,,,finance,deep-link-only,
/finance/fiscal-periods,financeRoutes.tsx,FiscalPeriods,pages/finance/fiscal-periods,الفترات المالية,المالية والمحاسبة,,,,,finance,canonical,
/finance/fiscal-periods-v2,financeRoutes.tsx,FiscalPeriodsV2,pages/finance/fiscal-periods-v2,إقفال الفترات,المالية والمحاسبة,,,,,finance,canonical,
/finance/fixed-asset-register,financeRoutes.tsx,FixedAssetRegister,pages/finance/fixed-asset-register,سجل الأصول التحليلي,المالية والمحاسبة,,,,,finance,canonical,
/finance/fixed-assets,financeRoutes.tsx,FixedAssets,pages/finance/fixed-assets,الأصول الثابتة;الأصول والعهد,المالية والمحاسبة,finance,,,,finance,canonical,
/finance/fixed-assets/:x,financeRoutes.tsx,FixedAssetDetail,pages/details/fixed-asset-detail,,,,,,,finance,deep-link-only,
/finance/fixed-assets/batch-depreciate,financeRoutes.tsx,BatchDepreciate,pages/create/finance/batch-depreciate,إهلاك دفعة واحدة,المالية والمحاسبة,,,,,finance,canonical,
/finance/fx-rates,financeRoutes.tsx,FxRates,pages/finance/fx-rates,أسعار الصرف;العملات الأجنبية (FX),المالية والمحاسبة,finance,,,,finance,canonical,
/finance/fx-revaluation,financeRoutes.tsx,FxRevaluation,pages/finance/fx-revaluation,إعادة التقييم,المالية والمحاسبة,,,,,finance,canonical,
/finance/fx-revaluation/history,financeRoutes.tsx,FxRevaluationHistory,pages/finance/fx-revaluation-history,سجل إعادة التقييم,المالية والمحاسبة,,,,,finance,canonical,
/finance/gl-anomaly-detector,financeRoutes.tsx,GlAnomalyDetector,pages/finance/gl-anomaly-detector,كاشف الشذوذ,المالية والمحاسبة,,,,,finance,canonical,
/finance/gl-health,financeRoutes.tsx,GlHealthScore,pages/finance/gl-health-score,GL Health Score,المالية والمحاسبة,,,,,finance,canonical,
/finance/gl-posting-queue,financeRoutes.tsx,GLPostingQueue,pages/finance/gl-posting-queue,طابور الترحيل,المالية والمحاسبة,,,,,finance,canonical,
/finance/intake,financeRoutes.tsx,FinanceIntakeCenter,pages/finance/finance-intake-center,الصناديق والارتباطات;مركز التلقّي المالي,المالية والمحاسبة,finance,,,,finance,canonical,
/finance/intercompany,financeRoutes.tsx,Intercompany,pages/finance/intercompany,المعاملات البينية,المالية والمحاسبة,,,,,finance,canonical,
/finance/intercompany/consolidation/create,financeRoutes.tsx,IntercompanyConsolidationCreate,pages/create/finance/intercompany-consolidation-create,,,,,,,finance,deep-link-only,
/finance/inventory-costing,financeRoutes.tsx,InventoryCosting,pages/finance/inventory-costing,تقييم المخزون,المالية والمحاسبة,,,,,finance,canonical,
/finance/invoice-send-queue,financeRoutes.tsx,InvoiceSendQueue,pages/finance/invoice-send-queue,صف الإرسال,المالية والمحاسبة,,,,,finance,canonical,
/finance/invoices,financeRoutes.tsx,Invoices,pages/finance/invoices,الفواتير;الفواتير والسندات,المالية والمحاسبة,finance,,,,finance,canonical,
/finance/invoices/:x,financeRoutes.tsx,InvoiceDetail,pages/finance/invoice-detail,,,,,,,finance,deep-link-only,
/finance/invoices/create,financeRoutes.tsx,InvoicesCreate,pages/create/finance/invoices-create,,,,,,,finance,deep-link-only,
/finance/journal,financeRoutes.tsx,Journal,pages/finance/journal,القيود اليومية,المالية والمحاسبة,,,,,finance,canonical,
/finance/journal-manual,financeRoutes.tsx,JournalManual,pages/finance/journal-manual,القيود اليدوية,المالية والمحاسبة,,,,,finance,canonical,
/finance/journal-manual/:x,financeRoutes.tsx,JournalManualDetail,pages/finance/journal-manual-detail,,,,,,,finance,deep-link-only,
/finance/journal-manual/create,financeRoutes.tsx,JournalManualCreate,pages/create/finance/journal-manual-create,,,,,,,finance,deep-link-only,
/finance/journal-quick-templates,financeRoutes.tsx,JournalQuickTemplates,pages/create/finance/journal-quick-templates,قوالب قيود سريعة,المالية والمحاسبة,,,,,finance,canonical,
/finance/journal-templates,financeRoutes.tsx,JournalTemplates,pages/finance/journal-templates,قوالب القيود,المالية والمحاسبة,,,,,finance,canonical,
/finance/journal/:x,financeRoutes.tsx,JournalDetail,pages/finance/journal-detail,,,,,,,finance,deep-link-only,
/finance/journal/activity,financeRoutes.tsx,PostingActivity,pages/finance/posting-activity,Posting Activity,المالية والمحاسبة,,,,,finance,canonical,
/finance/journal/create,financeRoutes.tsx,JournalCreate,pages/create/finance/journal-create,,,,,,,finance,deep-link-only,
/finance/journal/reverse,financeRoutes.tsx,JournalReversal,pages/create/finance/journal-reversal,معالج عكس قيد,المالية والمحاسبة,,,,,finance,canonical,
/finance/ledger/:x,financeRoutes.tsx,Ledger,pages/finance/ledger,,,,,,,finance,deep-link-only,
/finance/monthly-close-pack,financeRoutes.tsx,MonthlyClosePack,pages/finance/monthly-close-pack,حزمة الإقفال الشهري,المالية والمحاسبة,,,,,finance,canonical,
/finance/opening-balances,financeRoutes.tsx,OpeningBalances,pages/finance/opening-balances,أرصدة افتتاحية,المالية والمحاسبة,,,,,finance,canonical,
/finance/opening-balances/create,financeRoutes.tsx,OpeningBalancesCreate,pages/create/finance/opening-balances-create,,,,,,,finance,deep-link-only,
/finance/overrides-report,financeRoutes.tsx,OverridesReport,pages/finance/overrides-report,التعديلات اليدوية,المالية والمحاسبة,,,,,finance,canonical,
/finance/payment-run,financeRoutes.tsx,PaymentRun,pages/finance/payment-run,دفعة الدفع,المالية والمحاسبة,,,,,finance,canonical,
/finance/payments,financeRoutes.tsx,Payments,pages/finance/payments-page,المدفوعات,المالية والمحاسبة,,,,,finance,canonical,
/finance/period-close-preflight,financeRoutes.tsx,PeriodClosePreflight,pages/finance/period-close-preflight,فحص قبل الإقفال,المالية والمحاسبة,,,,,finance,canonical,
/finance/pricing-rules,financeRoutes.tsx,PricingRules,pages/finance/pricing-rules,قواعد التسعير,المالية والمحاسبة,,,,,finance,canonical,
/finance/product-catalog,financeRoutes.tsx,ProductCatalog,pages/finance/product-catalog,كتالوج المنتجات,المالية والمحاسبة,,,,,finance,canonical,
/finance/profitability/project/:x,financeRoutes.tsx,ProfitabilityProject,pages/finance/profitability-project,,,,,,,finance,deep-link-only,
/finance/profitability/property/:x,financeRoutes.tsx,ProfitabilityProperty,pages/finance/profitability-property,,,,,,,finance,deep-link-only,
/finance/profitability/umrah-agent/:x,financeRoutes.tsx,ProfitabilityUmrahAgent,pages/finance/profitability-umrah-agent,,,,,,,finance,deep-link-only,
/finance/profitability/vehicle/:x,financeRoutes.tsx,ProfitabilityVehicle,pages/finance/profitability-vehicle,,,,,,,finance,deep-link-only,
/finance/project-costing,financeRoutes.tsx,ProjectCosting,pages/finance/project-costing,التكاليف والتسويات;تكاليف المشاريع,المالية والمحاسبة,finance,,,,finance,canonical,
/finance/project-costing/:x,financeRoutes.tsx,ProjectCostingDetail,pages/finance/project-costing-detail,,,,,,,finance,deep-link-only,
/finance/project-portfolio,financeRoutes.tsx,ProjectPortfolioDashboard,pages/finance/project-portfolio-dashboard,محفظة ربحية المشاريع,المالية والمحاسبة,,,,,finance,canonical,
/finance/property-portfolio,financeRoutes.tsx,PropertyPortfolioDashboard,pages/finance/property-portfolio-dashboard,محفظة ربحية العقارات,المالية والمحاسبة,,,,,finance,canonical,
/finance/purchase-orders,financeRoutes.tsx,PurchaseOrders,pages/finance/purchase-orders,أوامر الشراء (PO);المشتريات والموردين,المالية والمحاسبة,finance,,,,finance,canonical,
/finance/purchase-orders/:x,financeRoutes.tsx,PurchaseOrderDetail,pages/finance/purchase-order-detail,,,,,,,finance,deep-link-only,
/finance/purchase-orders/create,financeRoutes.tsx,PurchaseOrdersCreate,pages/create/finance/purchase-orders-create,,,,,,,finance,deep-link-only,
/finance/purchase-requests,financeRoutes.tsx,PurchaseRequests,pages/finance/purchase-requests,طلبات الشراء (PR),المالية والمحاسبة,,,,,finance,canonical,
/finance/receivables,financeRoutes.tsx,Receivables,pages/finance/receivables,المقبوضات,المالية والمحاسبة,,,,,finance,canonical,
/finance/receivables/:x,financeRoutes.tsx,ReceivableDetail,pages/details/receivable-detail,,,,,,,finance,deep-link-only,
/finance/receivables/receipt,financeRoutes.tsx,CustomerReceiptWizard,pages/create/finance/customer-receipt,سند قبض العميل (تطبيق تلقائي),المالية والمحاسبة,,,,,finance,canonical,
/finance/reconciliation-hub,financeRoutes.tsx,ReconciliationHub,pages/finance/reconciliation-hub,مركز التسويات,المالية والمحاسبة,,,,,finance,canonical,
/finance/recurring-calendar,financeRoutes.tsx,RecurringCalendar,pages/finance/recurring-calendar,تقويم الدورية,المالية والمحاسبة,,,,,finance,canonical,
/finance/recurring-journals,financeRoutes.tsx,RecurringJournals,pages/finance/recurring-journals,قيود دورية,المالية والمحاسبة,,,,,finance,canonical,
/finance/recurring-journals/:x,financeRoutes.tsx,RecurringJournalDetail,pages/finance/recurring-journal-detail,,,,,,,finance,deep-link-only,
/finance/recurring-journals/create,financeRoutes.tsx,RecurringJournalsCreate,pages/create/finance/recurring-journals-create,,,,,,,finance,deep-link-only,
/finance/reports,financeRoutes.tsx,FinancialReports,pages/finance/reports,التقارير المالية,المالية والمحاسبة,,,,,finance,canonical,
/finance/reports/cash-flow-statement,financeRoutes.tsx,CashFlowStatement,pages/finance/cash-flow-statement,قائمة التدفقات النقدية,المالية والمحاسبة,,,,,finance,canonical,
/finance/reports/cogs-summary,financeRoutes.tsx,CogsSummary,pages/finance/cogs-summary,ملخص التكلفة (CoGS),المالية والمحاسبة,,,,,finance,canonical,
/finance/reports/dso-trend,financeRoutes.tsx,DsoTrend,pages/finance/dso-trend,اتجاه DSO للسيولة,المالية والمحاسبة,,,,,finance,canonical,
/finance/reports/gl-integrity-gaps,financeRoutes.tsx,GlIntegrityGaps,pages/finance/gl-integrity-gaps,GL Integrity Gaps,المالية والمحاسبة,,,,,finance,canonical,
/finance/reports/inventory-turnover,financeRoutes.tsx,InventoryTurnover,pages/finance/inventory-turnover,دوران المخزون,المالية والمحاسبة,,,,,finance,canonical,
/finance/reports/inventory-valuation,financeRoutes.tsx,InventoryValuation,pages/finance/inventory-valuation,تقييم المخزون,المالية والمحاسبة,,,,,finance,canonical,
/finance/reports/is-trend,financeRoutes.tsx,IncomeStatementTrend,pages/finance/income-statement-trend,اتجاه قائمة الدخل,المالية والمحاسبة,,,,,finance,canonical,
/finance/reports/is-vs-budget,financeRoutes.tsx,IncomeStatementVsBudget,pages/finance/income-statement-vs-budget,P&L مقابل الميزانية,المالية والمحاسبة,,,,,finance,canonical,
/finance/reports/lot-expiry-alerts,financeRoutes.tsx,LotExpiryAlerts,pages/finance/lot-expiry-alerts,تنبيهات صلاحية الدفعات,المالية والمحاسبة,,,,,finance,canonical,
/finance/reports/negative-stock,financeRoutes.tsx,NegativeStock,pages/finance/negative-stock,مخزون سالب,المالية والمحاسبة,,,,,finance,canonical,
/finance/reports/operation-gaps,financeRoutes.tsx,OperationGaps,pages/finance/operation-gaps,فجوات العمليات المالية,المالية والمحاسبة,,,,,finance,canonical,
/finance/reports/unmapped-lines,financeRoutes.tsx,UnmappedLines,pages/finance/unmapped-lines,Unmapped Lines,المالية والمحاسبة,,,,,finance,canonical,
/finance/reports/vat-reconciliation,financeRoutes.tsx,VatReconciliation,pages/finance/vat-reconciliation,تسوية VAT,المالية والمحاسبة,,,,,finance,canonical,
/finance/reports/wht-summary,financeRoutes.tsx,WhtSummary,pages/finance/wht-summary,ملخص WHT,المالية والمحاسبة,,,,,finance,canonical,
/finance/reports/yoy,financeRoutes.tsx,YoyComparison,pages/finance/yoy-comparison,Y/Y Comparison,المالية والمحاسبة,,,,,finance,canonical,
/finance/reports/zatca,financeRoutes.tsx,ZatcaReportsHub,pages/finance/zatca-reports-hub,ZATCA Reports Hub,المالية والمحاسبة,,,,,finance,canonical,
/finance/revenue-mix,financeRoutes.tsx,RevenueMixAnalyzer,pages/finance/revenue-mix-analyzer,محلّل مزيج الإيرادات,المالية والمحاسبة,,,,,finance,canonical,
/finance/salary-advances,financeRoutes.tsx,SalaryAdvances,pages/finance/salary-advances,سلف الرواتب,المالية والمحاسبة,,,,,finance,canonical,
/finance/salary-advances/:x,financeRoutes.tsx,SalaryAdvanceDetail,pages/details/salary-advance-detail,,,,,,,finance,deep-link-only,
/finance/settings,financeRoutes.tsx,SettingsHub,pages/finance/settings-hub,محرك التوجيه المحاسبي;مركز الإعدادات,المالية والمحاسبة,finance,,,,finance,canonical,
/finance/subsidiary-accounts,financeRoutes.tsx,SubsidiaryAccounts,pages/finance/subsidiary-accounts,حسابات فرعية,المالية والمحاسبة,,,,,finance,canonical,
/finance/tax,financeRoutes.tsx,TaxSystem,pages/finance/tax-system,الضرائب والتقارير;نظام الضرائب,المالية والمحاسبة,finance,,,,finance,canonical,
/finance/tax-codes,financeRoutes.tsx,TaxCodes,pages/finance/tax-codes,رموز الضريبة,المالية والمحاسبة,,,,,finance,canonical,
/finance/tax-codes/:x/edit,financeRoutes.tsx,TaxCodesEdit,pages/create/finance/tax-codes-edit,,,,,,,finance,deep-link-only,
/finance/tax-codes/create,financeRoutes.tsx,TaxCodesCreate,pages/create/finance/tax-codes-create,,,,,,,finance,deep-link-only,
/finance/tax-filing-calendar,financeRoutes.tsx,TaxFilingCalendar,pages/finance/tax-filing-calendar,تقويم الإقرارات,المالية والمحاسبة,,,,,finance,canonical,
/finance/treasury,financeRoutes.tsx,Treasury,pages/finance/treasury,الخزينة;النقد والذمم,المالية والمحاسبة,finance,,,,finance,canonical,
/finance/treasury/transfer,financeRoutes.tsx,AccountTransfer,pages/create/finance/account-transfer,تحويل بين الحسابات,المالية والمحاسبة,,,,,finance,canonical,
/finance/trial-balance-comparison,financeRoutes.tsx,TbComparison,pages/finance/trial-balance-comparison,مقارنة ميزان,المالية والمحاسبة,,,,,finance,canonical,
/finance/trial-balance-drilldown,financeRoutes.tsx,TbDrilldown,pages/finance/trial-balance-drilldown,ميزان مع تتبّع,المالية والمحاسبة,,,,,finance,canonical,
/finance/umrah-agent-portfolio,financeRoutes.tsx,UmrahAgentPortfolio,pages/finance/umrah-agent-portfolio,محفظة ربحية وكلاء العمرة,المالية والمحاسبة,,,,,finance,canonical,
/finance/umrah-group-portfolio,financeRoutes.tsx,UmrahGroupPortfolio,pages/finance/umrah-group-portfolio,محفظة مجموعات العمرة,المالية والمحاسبة,,,,,finance,canonical,
/finance/umrah-season-portfolio,financeRoutes.tsx,UmrahSeasonPortfolio,pages/finance/umrah-season-portfolio,محفظة مواسم العمرة,المالية والمحاسبة,,,,,finance,canonical,
/finance/usage-gaps,financeRoutes.tsx,AccountsUsageGaps,pages/finance/accounts-usage-gaps,فجوات تصنيف الحسابات,المالية والمحاسبة,,,,,finance,canonical,
/finance/vat-filing-readiness,financeRoutes.tsx,VatFilingReadiness,pages/finance/vat-filing-readiness,جاهزية ZATCA,المالية والمحاسبة,,,,,finance,canonical,
/finance/vehicle-portfolio,financeRoutes.tsx,VehiclePortfolioDashboard,pages/finance/vehicle-portfolio-dashboard,محفظة المركبات,المالية والمحاسبة,,,,,finance,canonical,
/finance/vendor-360-sheet,financeRoutes.tsx,Vendor360Sheet,pages/finance/vendor-360-sheet,ملف المورد 360°,المالية والمحاسبة,,,,,finance,canonical,
/finance/vendor-contracts-tracker,financeRoutes.tsx,VendorContractsTracker,pages/finance/vendor-contracts-tracker,متابعة عقود الموردين,المالية والمحاسبة,,,,,finance,canonical,
/finance/vendor-settlement-workbench,financeRoutes.tsx,VendorSettlementWorkbench,pages/finance/vendor-settlement-workbench,منضدة التسوية,المالية والمحاسبة,,,,,finance,canonical,
/finance/vendor-spend,financeRoutes.tsx,VendorSpend,pages/finance/vendor-spend,إنفاق الموردين,المالية والمحاسبة,,,,,finance,canonical,
/finance/vendor-statement-print,financeRoutes.tsx,VendorStatementPrint,pages/finance/vendor-statement-print,كشف حساب مورد للطباعة,المالية والمحاسبة,,,,,finance,canonical,
/finance/vendors,financeRoutes.tsx,Vendors,pages/finance/vendors,الموردين,المالية والمحاسبة,,,,,finance,canonical,
/finance/vendors/:x,financeRoutes.tsx,VendorDetail,pages/finance/vendor-detail,,,,,,,finance,deep-link-only,
/finance/vendors/:x/edit,financeRoutes.tsx,VendorsEdit,pages/create/finance/vendors-edit,,,,,,,finance,deep-link-only,
/finance/vendors/:x/statement,financeRoutes.tsx,VendorStatement,pages/finance/vendor-statement,,,,,,,finance,deep-link-only,
/finance/vendors/create,financeRoutes.tsx,VendorsCreate,pages/create/finance/vendors-create,,,,,,,finance,cross-module-duplicate;deep-link-only,
/finance/vouchers,financeRoutes.tsx,Vouchers,pages/finance/vouchers,السندات,المالية والمحاسبة,,,,,finance,canonical,
/finance/vouchers/:x,financeRoutes.tsx,VoucherDetail,pages/details/voucher-detail,,,,,,,finance,deep-link-only,
/finance/vouchers/create,financeRoutes.tsx,VouchersCreate,pages/create/finance/vouchers-create,,,,,,,finance,deep-link-only,
/finance/wht-categories,financeRoutes.tsx,WhtCategories,pages/finance/wht-categories,فئات WHT,المالية والمحاسبة,,,,,finance,canonical,
/finance/wht-categories/:x/edit,financeRoutes.tsx,WhtCategoriesEdit,pages/create/finance/wht-categories-edit,,,,,,,finance,deep-link-only,
/finance/wht-categories/create,financeRoutes.tsx,WhtCategoriesCreate,pages/create/finance/wht-categories-create,,,,,,,finance,deep-link-only,
/finance/wht-filing-workbench,financeRoutes.tsx,WhtFilingWorkbench,pages/finance/wht-filing-workbench,إعداد إقرار WHT,المالية والمحاسبة,,,,,finance,canonical,
/finance/workflows-hub,financeRoutes.tsx,FinanceWorkflowsHub,pages/finance/finance-workflows-hub,مركز سير العمل المالي,المالية والمحاسبة,,,,,finance,canonical,
/finance/year-end-close,financeRoutes.tsx,YearEndClose,pages/finance/year-end-close,إقفال السنة المالية,المالية والمحاسبة,,,,,finance,canonical,
/fleet,fleetRoutes.tsx,Fleet,pages/fleet,إدارة الأسطول,الأسطول والنقل,fleet,,,,fleet,canonical,
/fleet/:x,fleetRoutes.tsx,VehicleDetail,pages/details/vehicle-detail,,,,,,,fleet,deep-link-only,
/fleet/:x/status,fleetRoutes.tsx,VehicleStatusChange,pages/create/fleet/vehicle-status-change,,,,,,,fleet,deep-link-only,
/fleet/alerts,fleetRoutes.tsx,FleetAlerts,pages/fleet/alerts,التنبيهات,الأسطول والنقل,,fleet.vehicles:list,,,fleet,canonical,
/fleet/cargo,fleetRoutes.tsx,CargoList,pages/fleet/cargo,الشحن والبضائع,الأسطول والنقل,,fleet.cargo:list,,,fleet,canonical,
/fleet/cargo/:x,fleetRoutes.tsx,CargoDetail,pages/fleet/cargo-detail,,,,,,,fleet,deep-link-only,
/fleet/cargo/create,fleetRoutes.tsx,CargoCreate,pages/fleet/cargo-create,,,,,,,fleet,deep-link-only,
/fleet/drivers,fleetRoutes.tsx,Drivers,pages/fleet/drivers,السائقين,الأسطول والنقل,,fleet.vehicles:list,,,fleet,canonical,
/fleet/drivers/:x,fleetRoutes.tsx,DriverDetail,pages/details/driver-detail,,,,,,,fleet,deep-link-only,
/fleet/drivers/create,fleetRoutes.tsx,DriversCreate,pages/create/fleet/drivers-create,,,,,,,fleet,deep-link-only,
/fleet/fuel,fleetRoutes.tsx,Fuel,pages/fleet/fuel,استهلاك الوقود,الأسطول والنقل,,fleet.trips:list,,,fleet,canonical,
/fleet/fuel/:x,fleetRoutes.tsx,FuelDetail,pages/details/fuel-detail,,,,,,,fleet,deep-link-only,
/fleet/fuel/create,fleetRoutes.tsx,FuelCreate,pages/create/fleet/fuel-create,,,,,,,fleet,deep-link-only,
/fleet/insurance,fleetRoutes.tsx,Insurance,pages/fleet/insurance,التأمين,الأسطول والنقل,,fleet.vehicles:list,,,fleet,canonical,
/fleet/insurance/:x,fleetRoutes.tsx,InsuranceDetail,pages/details/insurance-detail,,,,,,,fleet,deep-link-only,
/fleet/insurance/create,fleetRoutes.tsx,InsuranceCreate,pages/create/fleet/insurance-create,,,,,,,fleet,deep-link-only,
/fleet/maintenance,fleetRoutes.tsx,FleetMaintenance,pages/fleet/maintenance,الصيانة,الأسطول والنقل,,fleet.maintenance:list,,,fleet,canonical,
/fleet/maintenance-impact,fleetRoutes.tsx,MaintenanceTicketImpact,pages/fleet/maintenance-ticket-impact,أثر الصيانة → التذاكر,الأسطول والنقل,,fleet.maintenance:list,,,fleet,canonical,
/fleet/maintenance/:x,fleetRoutes.tsx,MaintenanceDetail,pages/details/maintenance-detail,,,,,,,fleet,deep-link-only,
/fleet/maintenance/create,fleetRoutes.tsx,MaintenanceCreate,pages/create/fleet/maintenance-create,,,,,,,fleet,deep-link-only,
/fleet/preventive-plans,fleetRoutes.tsx,PreventivePlans,pages/fleet/preventive-plans,خطط الصيانة الوقائية,الأسطول والنقل,,fleet.maintenance:list,,,fleet,canonical,
/fleet/rental-contracts,fleetRoutes.tsx,RentalContractsList,pages/fleet/rental-contracts,تأجير المركبات,الأسطول والنقل,,fleet.vehicles:list,,,fleet,canonical,
/fleet/rental-contracts/:x,fleetRoutes.tsx,RentalDetail,pages/fleet/rental-detail,,,,,,,fleet,deep-link-only,
/fleet/rental-contracts/create,fleetRoutes.tsx,RentalCreate,pages/fleet/rental-create,,,,,,,fleet,deep-link-only,
/fleet/reports,fleetRoutes.tsx,FleetReports,pages/fleet/reports,التقارير,الأسطول والنقل,,fleet.vehicles:list,,,fleet,canonical,
/fleet/tco,fleetRoutes.tsx,TCO,pages/fleet/tco,تكلفة الملكية (TCO),الأسطول والنقل,,fleet.vehicles:list,,,fleet,canonical,
/fleet/telematics,fleetRoutes.tsx,TelematicsLiveMap,pages/fleet/telematics/live-map,نظام التتبع (Telematics),الأسطول والنقل,,fleet.telematics.live:list,,,fleet,canonical;tabbed-page,
/fleet/telematics/ai-alerts,fleetRoutes.tsx,TelematicsAiAlerts,pages/fleet/telematics/ai-alerts,تنبيهات السلامة الذكية,الأسطول والنقل,,fleet.telematics.ai_alerts:list,,,fleet,canonical,
/fleet/telematics/devices,fleetRoutes.tsx,TelematicsDevices,pages/fleet/telematics/devices,أجهزة MDVR,الأسطول والنقل,,fleet.telematics.devices:list,,,fleet,canonical,
/fleet/telematics/evidence,fleetRoutes.tsx,TelematicsEvidence,pages/fleet/telematics/evidence,أرشيف الأدلة,الأسطول والنقل,,fleet.telematics.ai_alerts:list,,,fleet,canonical,
/fleet/telematics/live-map,fleetRoutes.tsx,TelematicsLiveMap,pages/fleet/telematics/live-map,التتبع المباشر,الأسطول والنقل,,fleet.telematics.live:list,,,fleet,canonical;tabbed-page,
/fleet/telematics/operations,fleetRoutes.tsx,TelematicsOperations,pages/fleet/telematics/operations,لوحة التشغيل,الأسطول والنقل,,fleet.telematics.sync:list,,,fleet,canonical,
/fleet/telematics/scorecard,fleetRoutes.tsx,TelematicsScorecard,pages/fleet/telematics/scorecard,بطاقة أداء السائقين,الأسطول والنقل,,fleet.telematics.ai_alerts:list,,,fleet,canonical,
/fleet/telematics/sensors,fleetRoutes.tsx,TelematicsSensors,pages/fleet/telematics/sensors,قراءات الحساسات,الأسطول والنقل,,fleet.telematics.sensors:list,,,fleet,canonical,
/fleet/telematics/settings,fleetRoutes.tsx,TelematicsSettings,pages/fleet/telematics/settings,إعدادات CMSV6,الأسطول والنقل,,fleet.telematics.configure:list,,,fleet,canonical,
/fleet/telematics/video-evidence,fleetRoutes.tsx,TelematicsVideoEvidence,pages/fleet/telematics/video-evidence,أدلة الفيديو,الأسطول والنقل,,fleet.telematics.video:list,,,fleet,canonical,
/fleet/tires,fleetRoutes.tsx,Tires,pages/fleet/tires,الإطارات,الأسطول والنقل,,fleet.maintenance:list,,,fleet,canonical,
/fleet/traffic-violations,fleetRoutes.tsx,TrafficViolations,pages/fleet/traffic-violations,مخالفات المرور,الأسطول والنقل,,fleet.vehicles:list,,,fleet,canonical,
/fleet/traffic-violations/:x,fleetRoutes.tsx,TrafficViolationDetail,pages/details/traffic-violation-detail,,,,,,,fleet,deep-link-only,
/fleet/transport/bookings,fleetRoutes.tsx,TransportBookings,pages/fleet/transport-bookings,حجوزات النقل,الأسطول والنقل,,fleet.bookings:list,,,fleet,canonical,
/fleet/transport/bookings/:x,fleetRoutes.tsx,TransportBookingDetail,pages/fleet/transport-booking-detail,,,,,,,fleet,deep-link-only,
/fleet/transport/bookings/:x/confirmation,fleetRoutes.tsx,TransportBookingConfirmation,pages/fleet/transport-booking-confirmation,,,,,,,fleet,deep-link-only,
/fleet/transport/bookings/create,fleetRoutes.tsx,TransportBookingCreate,pages/fleet/transport-booking-create,,,,,,,fleet,deep-link-only,
/fleet/transport/dispatch,fleetRoutes.tsx,TransportDispatch,pages/fleet/transport-dispatch,الإرسال (Dispatch),الأسطول والنقل,,fleet.dispatch:list,,,fleet,canonical,
/fleet/transport/integration,fleetRoutes.tsx,TransportIntegration,pages/fleet/transport-integration,تكامل النقل,الأسطول والنقل,,fleet.bookings:list,,,fleet,canonical,
/fleet/transport/itineraries,fleetRoutes.tsx,TransportItineraries,pages/fleet/transport-itineraries,خطط المسارات,الأسطول والنقل,,fleet.dispatch:list,,,fleet,canonical,
/fleet/transport/itineraries/:x,fleetRoutes.tsx,TransportItineraryDetail,pages/fleet/transport-itinerary-detail,,,,,,,fleet,deep-link-only,
/fleet/transport/ops-dashboard,fleetRoutes.tsx,TransportOpsDashboard,pages/fleet/transport-ops-dashboard,لوحة عمليات النقل,الأسطول والنقل,,fleet.dispatch:list,,,fleet,canonical,
/fleet/transport/price-rules,fleetRoutes.tsx,TransportPriceRules,pages/fleet/transport-price-rules,قواعد تسعير النقل,الأسطول والنقل,,fleet.bookings:list,,,fleet,canonical,
/fleet/transport/rules,fleetRoutes.tsx,TransportRulesAdmin,pages/fleet/transport-rules-admin,قواعد استقبال النقل,الأسطول والنقل,,fleet.bookings:list,,,fleet,canonical,
/fleet/trips,fleetRoutes.tsx,Trips,pages/fleet/trips,الرحلات,الأسطول والنقل,,fleet.trips:list,,,fleet,canonical,
/fleet/trips/:x,fleetRoutes.tsx,TripDetail,pages/fleet/trip-detail,,,,,,,fleet,deep-link-only,
/fleet/trips/create,fleetRoutes.tsx,TripsCreate,pages/create/fleet/trips-create,,,,,,,fleet,deep-link-only,
/fleet/vehicles/create,fleetRoutes.tsx,VehiclesCreate,pages/create/fleet/vehicles-create,,,,,,,fleet,deep-link-only,
/governance,governanceRoutes.tsx,Governance,pages/governance,نظرة عامة,الإدارة والحوكمة,,,,,governance,canonical;tabbed-page,
/governance/audits,governanceRoutes.tsx,Governance,pages/governance,التدقيق,الإدارة والحوكمة,,,,,governance,canonical;tabbed-page,
/governance/audits/:x,governanceRoutes.tsx,AuditDetail,pages/details/audit-detail,,,,,,,governance,deep-link-only,
/governance/audits/create,governanceRoutes.tsx,AuditsCreate,pages/create/governance/audits-create,,,,,,,governance,deep-link-only,
/governance/capa,governanceRoutes.tsx,GovernanceCapa,pages/governance/capa,الإجراءات التصحيحية,الإدارة والحوكمة,,,,,governance,canonical,
/governance/compliance,governanceRoutes.tsx,Governance,pages/governance,الامتثال,الإدارة والحوكمة,,,,,governance,canonical;tabbed-page,
/governance/compliance/:x,governanceRoutes.tsx,ComplianceDetail,pages/details/compliance-detail,,,,,,,governance,deep-link-only,
/governance/compliance/create,governanceRoutes.tsx,ComplianceCreate,pages/create/governance/compliance-create,,,,,,,governance,deep-link-only,
/governance/policies,governanceRoutes.tsx,Governance,pages/governance,الحوكمة والامتثال;السياسات,الإدارة والحوكمة,governance,,,,governance,canonical;tabbed-page,
/governance/policies/:x,governanceRoutes.tsx,PolicyDetail,pages/details/policy-detail,,,,,,,governance,deep-link-only,
/governance/policies/create,governanceRoutes.tsx,PoliciesCreate,pages/create/governance/policies-create,,,,,,,governance,deep-link-only,
/governance/risks,governanceRoutes.tsx,Governance,pages/governance,المخاطر,الإدارة والحوكمة,,,,,governance,canonical;tabbed-page,
/governance/risks/:x,governanceRoutes.tsx,RiskDetail,pages/details/risk-detail,,,,,,,governance,deep-link-only,
/governance/risks/create,governanceRoutes.tsx,RisksCreate,pages/create/governance/risks-create,,,,,,,governance,deep-link-only,
/guide/properties,propertyRoutes.tsx,PropertiesGuide,pages/properties-guide,دليل إرشادي مصور,إدارة الأملاك,,,,,guide,canonical;cross-module-duplicate,
/hr,hrRoutes.tsx,HR,pages/hr,مركز الموارد البشرية,الموارد البشرية,hr,,,,hr,canonical,
/hr/accruals,hrRoutes.tsx,Accruals,pages/hr/accruals,الاستحقاقات الشهرية,الموارد البشرية,,,,,hr,canonical,
/hr/approvals,hrRoutes.tsx,ApprovalInbox,pages/hr/approval-inbox,صندوق الواردات HR,الموارد البشرية,,,,,hr,canonical,
/hr/attendance,hrRoutes.tsx,Attendance,pages/hr/attendance,السجل اليومي;النشاط والحضور,الموارد البشرية,hr,,,,hr,canonical,
/hr/attendance-categories,hrRoutes.tsx,AttendanceCategoriesHr,pages/admin/attendance-categories,فئات الموظفين وسياسات الحضور,الموارد البشرية,,,,,hr,canonical;cross-module-duplicate,
/hr/attendance-policy,hrRoutes.tsx,AttendancePolicy,pages/hr/attendance-policy,إعدادات الموارد البشرية;سياسة الحضور,الموارد البشرية,hr,,,,hr,canonical,
/hr/attendance/:x,hrRoutes.tsx,AttendanceDetail,pages/details/attendance-detail,,,,,,,hr,deep-link-only,
/hr/attendance/:x/edit,hrRoutes.tsx,AttendanceEdit,pages/create/hr/attendance-edit,,,,,,,hr,deep-link-only,
/hr/attendance/create,hrRoutes.tsx,AttendanceCreate,pages/create/hr/attendance-create,,,,,,,hr,deep-link-only,
/hr/attendance/field-tracking,hrRoutes.tsx,FieldTracking,pages/hr/field-tracking,التتبع الميداني,الموارد البشرية,,,,,hr,canonical,
/hr/attendance/qr-scanner,hrRoutes.tsx,QRScanner,pages/hr/qr-scanner,تسجيل بالرمز المصوّر,الموارد البشرية,,,,,hr,canonical,
/hr/attendance/reports,hrRoutes.tsx,AttendanceReports,pages/hr/attendance-reports,تقارير الحضور,الموارد البشرية,,,,,hr,canonical,
/hr/contracts,hrRoutes.tsx,Contracts,pages/hr/contracts,عقود الموظفين,الموارد البشرية,,,,,hr,canonical,
/hr/contracts/:x,hrRoutes.tsx,HrContractDetail,pages/details/hr-contract-detail,,,,,,,hr,deep-link-only,
/hr/contracts/:x/edit,hrRoutes.tsx,ContractsEdit,pages/create/hr/contracts-edit,,,,,,,hr,deep-link-only,
/hr/contracts/create,hrRoutes.tsx,ContractsCreate,pages/create/hr/contracts-create,,,,,,,hr,deep-link-only,
/hr/delegations,hrRoutes.tsx,Delegations,pages/hr/delegations,التفويضات,الموارد البشرية,,,,,hr,canonical,
/hr/discipline/memos/:x,hrRoutes.tsx,DisciplineMemoDetail,pages/hr/discipline-memo-detail,,,,,,,hr,deep-link-only,
/hr/discipline/regulation,hrRoutes.tsx,DisciplineRegulation,pages/hr/discipline-regulation,لائحة الانضباط,الموارد البشرية,,"""hr.discipline:view"",""hr.discipline:list""",,,hr,canonical,
/hr/documents,hrRoutes.tsx,HrDocuments,pages/hr/documents,وثائق الموظفين,الموارد البشرية,,,,,hr,canonical,
/hr/employee-activation,hrRoutes.tsx,EmployeeActivation,pages/hr/employee-activation,تفعيل الموظفين,الموارد البشرية,,,,,hr,canonical,
/hr/employees/:x/score,hrRoutes.tsx,EmployeeScore,pages/hr/employee-score,,,,,,,hr,deep-link-only,
/hr/evaluation-360,hrRoutes.tsx,Evaluation360,pages/hr/evaluation-360,التقييم 360°,الموارد البشرية,,,,,hr,canonical,
/hr/evaluation-360/:x,hrRoutes.tsx,Evaluation360Detail,pages/hr/evaluation-360-detail,,,,,,,hr,deep-link-only,
/hr/evaluation-360/:x/peer,hrRoutes.tsx,Evaluation360Peer,pages/hr/evaluation-360-peer,,,,,,,hr,deep-link-only,
/hr/evaluation-360/:x/upward,hrRoutes.tsx,Evaluation360Upward,pages/hr/evaluation-360-upward,,,,,,,hr,deep-link-only,
/hr/evaluation-360/create,hrRoutes.tsx,Evaluation360Create,pages/create/hr/evaluation-360-create,,,,,,,hr,deep-link-only,
/hr/evaluation-360/history/:x,hrRoutes.tsx,Evaluation360History,pages/hr/evaluation-360-history,,,,,,,hr,deep-link-only,
/hr/excuse-requests,hrRoutes.tsx,ExcuseRequests,pages/hr/excuse-requests,طلبات الأعذار,الموارد البشرية,,,,,hr,canonical,
/hr/excuse-requests/:x,hrRoutes.tsx,ExcuseDetail,pages/details/excuse-detail,,,,,,,hr,deep-link-only,
/hr/excuse-requests/:x/edit,hrRoutes.tsx,ExcuseEdit,pages/create/hr/excuse-edit,,,,,,,hr,deep-link-only,
/hr/excuse-requests/create,hrRoutes.tsx,ExcuseCreate,pages/create/hr/excuse-create,,,,,,,hr,deep-link-only,
/hr/exit,hrRoutes.tsx,ExitRequests,pages/hr/exit-requests,نهاية الخدمة,الموارد البشرية,,,,,hr,canonical,
/hr/exit/:x,hrRoutes.tsx,ExitDetail,pages/hr/exit-detail,,,,,,,hr,deep-link-only,
/hr/exit/create,hrRoutes.tsx,ExitCreate,pages/create/hr/exit-create,,,,,,,hr,deep-link-only,
/hr/expiring-documents,hrRoutes.tsx,ExpiringDocuments,pages/hr/expiring-documents,الوثائق المنتهية,الموارد البشرية,,,,,hr,canonical,
/hr/gratuity,hrRoutes.tsx,Gratuity,pages/hr/gratuity,مكافأة نهاية الخدمة,الموارد البشرية,,,,,hr,canonical,
/hr/idp,hrRoutes.tsx,IDP,pages/hr/idp,خطط التطوير الفردية,الموارد البشرية,,,,,hr,canonical,
/hr/leaves,hrRoutes.tsx,Leaves,pages/hr/leaves,طلبات الإجازة,الموارد البشرية,,,,,hr,canonical,
/hr/leaves/:x,hrRoutes.tsx,LeaveDetail,pages/details/leave-detail,,,,,,,hr,deep-link-only,
/hr/leaves/:x/edit,hrRoutes.tsx,LeavesEdit,pages/create/hr/leaves-edit,,,,,,,hr,deep-link-only,
/hr/leaves/approval-chains,hrRoutes.tsx,ApprovalChains,pages/hr/approval-chains,سلاسل الموافقات,الموارد البشرية,,,,,hr,canonical,
/hr/leaves/create,hrRoutes.tsx,LeavesCreate,pages/create/hr/leaves-create,طلب إجازة,بوابة الموظف,,,,,hr,canonical,
/hr/leaves/management,hrRoutes.tsx,LeaveManagement,pages/hr/leave-management,إدارة الإجازات,الموارد البشرية,,,,,hr,canonical,
/hr/loans,hrRoutes.tsx,Loans,pages/hr/loans,سلف الموظفين,الموارد البشرية,,,,,hr,canonical,
/hr/loans/:x,hrRoutes.tsx,LoanDetail,pages/hr/loan-detail,,,,,,,hr,deep-link-only,
/hr/loans/create,hrRoutes.tsx,LoansCreate,pages/create/hr/loans-create,,,,,,,hr,deep-link-only,
/hr/official-letters,hrRoutes.tsx,OfficialLetters,pages/hr/official-letters,الخطابات الرسمية,الموارد البشرية,,,,,hr,canonical,
/hr/onboarding-review,hrRoutes.tsx,OnboardingReview,pages/hr/onboarding-review,مراجعة التعيين,الموارد البشرية,,,,,hr,canonical,
/hr/org-tree,hrRoutes.tsx,OrgTree,pages/hr/org-tree,الشجرة التنظيمية,الموارد البشرية,,,,,hr,canonical,
/hr/organization,hrRoutes.tsx,Organization,pages/hr/organization,الهيكل التنظيمي,الموارد البشرية,,,,,hr,canonical,
/hr/organization/structure,hrRoutes.tsx,OrganizationStructure,pages/hr/organization-structure,الهيكل المصوّر,الموارد البشرية,,,,,hr,canonical,
/hr/overtime,hrRoutes.tsx,Overtime,pages/hr/overtime,الوقت الإضافي,الموارد البشرية,,,,,hr,canonical,
/hr/overtime/:x,hrRoutes.tsx,OvertimeDetail,pages/hr/overtime-detail,,,,,,,hr,deep-link-only,
/hr/overtime/create,hrRoutes.tsx,OvertimeCreate,pages/create/hr/overtime-create,,,,,,,hr,deep-link-only,
/hr/payroll,hrRoutes.tsx,Payroll,pages/hr/payroll,الرواتب والمستحقات;مسيرات الرواتب,الموارد البشرية,hr,,,,hr,canonical,
/hr/payroll/:x,hrRoutes.tsx,PayrollDetail,pages/details/payroll-detail,,,,,,,hr,deep-link-only,
/hr/payroll/create,hrRoutes.tsx,PayrollCreate,pages/create/hr/payroll-create,,,,,,,hr,deep-link-only,
/hr/payroll/salary-components,hrRoutes.tsx,SalaryComponents,pages/hr/salary-components,مكونات الرواتب,الموارد البشرية,,,,,hr,canonical,
/hr/performance,hrRoutes.tsx,Performance,pages/hr/performance,الأداء والتطوير;تقييم الأداء,الموارد البشرية,hr,,,,hr,canonical,
/hr/performance/:x,hrRoutes.tsx,PerformanceDetail,pages/details/performance-detail,,,,,,,hr,deep-link-only,
/hr/performance/advanced,hrRoutes.tsx,PerformanceAdvanced,pages/hr/performance-advanced,التقييم المتقدم,الموارد البشرية,,,,,hr,canonical,
/hr/performance/create,hrRoutes.tsx,PerformanceCreate,pages/create/hr/performance-create,,,,,,,hr,deep-link-only,
/hr/public-holidays,hrRoutes.tsx,PublicHolidays,pages/hr/public-holidays,الإجازات الرسمية,الموارد البشرية,,,,,hr,canonical,
/hr/recruitment,hrRoutes.tsx,Recruitment,pages/hr/recruitment,وظائف التوظيف,الموارد البشرية,,,,,hr,canonical,
/hr/recruitment/advanced,hrRoutes.tsx,RecruitmentAdvanced,pages/hr/recruitment-advanced,تحليلات التوظيف المتقدمة,الموارد البشرية,,,,,hr,canonical,
/hr/recruitment/applicants/create,hrRoutes.tsx,ApplicantsCreate,pages/create/hr/applicants-create,,,,,,,hr,deep-link-only,
/hr/recruitment/applications,hrRoutes.tsx,ApplicationList,pages/hr/application-list,المتقدمين,الموارد البشرية,,,,,hr,canonical,
/hr/recruitment/create,hrRoutes.tsx,RecruitmentCreate,pages/create/hr/recruitment-create,,,,,,,hr,deep-link-only,
/hr/recruitment/jobs/:x,hrRoutes.tsx,JobDetail,pages/hr/job-detail,,,,,,,hr,deep-link-only,
/hr/saudi-compliance,hrRoutes.tsx,SaudiCompliance,pages/hr/saudi-compliance,WPS / مدد / بنوك,الموارد البشرية,,"""hr.payroll.wps:view"",""hr.payroll.wps:list""",,,hr,canonical,
/hr/saudization,hrRoutes.tsx,Saudization,pages/hr/saudization,السعودة (نطاقات),الموارد البشرية,,"""hr.saudization:view"",""hr.saudization:list""",,,hr,canonical,
/hr/scoring-weights,hrRoutes.tsx,ScoringWeightsHr,pages/admin/scoring-weights,أوزان التقييم وترتيب الأداء,الموارد البشرية,,,,,hr,canonical;cross-module-duplicate,
/hr/services,hrRoutes.tsx,HrServices,pages/hr/services,الطلبات;كتالوج الخدمات;كتالوج خدمات HR,الموارد البشرية;بوابة الموظف,hr,,,,hr,canonical,
/hr/shifts,hrRoutes.tsx,Shifts,pages/hr/shifts,جدول الورديات,الموارد البشرية,,,,,hr,canonical,
/hr/shifts/:x,hrRoutes.tsx,ShiftDetail,pages/details/shift-detail,,,,,,,hr,deep-link-only,
/hr/shifts/create,hrRoutes.tsx,ShiftsCreate,pages/create/hr/shifts-create,,,,,,,hr,deep-link-only,
/hr/shifts/management,hrRoutes.tsx,ShiftsManagement,pages/hr/shifts-management,إدارة الورديات,الموارد البشرية,,,,,hr,canonical,
/hr/training,hrRoutes.tsx,Training,pages/hr/training,البرامج التدريبية,الموارد البشرية,,,,,hr,canonical,
/hr/training/:x,hrRoutes.tsx,TrainingDetail,pages/hr/training-detail,,,,,,,hr,deep-link-only,
/hr/training/advanced,hrRoutes.tsx,TrainingAdvanced,pages/hr/training-advanced,التدريب المتقدم,الموارد البشرية,,,,,hr,canonical,
/hr/training/create,hrRoutes.tsx,TrainingCreate,pages/create/hr/training-create,,,,,,,hr,deep-link-only,
/hr/transfers,hrRoutes.tsx,Transfers,pages/hr/transfers,نقل الموظفين,الموارد البشرية,,,,,hr,canonical,
/hr/transfers/:x,hrRoutes.tsx,TransferDetail,pages/details/transfer-detail,,,,,,,hr,deep-link-only,
/hr/transfers/:x/edit,hrRoutes.tsx,TransfersEdit,pages/create/hr/transfers-edit,,,,,,,hr,deep-link-only,
/hr/turnover-report,hrRoutes.tsx,TurnoverReport,pages/hr/turnover-report,التقارير;تقرير الدوران,الموارد البشرية,hr,,,,hr,canonical,
/hr/violations,hrRoutes.tsx,Violations,pages/hr/violations,الامتثال والجزاءات;المحاضر التأديبية;نظرة عامة على المخالفات,الموارد البشرية,hr,"""hr.discipline:view"",""hr.discipline:list"";""hr.violations:view"",""hr.violations:list""",,,hr,canonical,
/hr/violations/:x,hrRoutes.tsx,ViolationDetail,pages/hr/violation-detail,,,,,,,hr,deep-link-only,
/hr/violations/auto-detection,hrRoutes.tsx,AutoDetection,pages/hr/auto-detection,الرصد التلقائي,الموارد البشرية,,"""hr.violations:view"",""hr.violations:list""",,,hr,canonical,
/hr/violations/create,hrRoutes.tsx,ViolationsCreate,pages/create/hr/violations-create,,,,,,,hr,deep-link-only,
/hr/violations/management,hrRoutes.tsx,ViolationsManagement,pages/hr/violations-management,إدارة المخالفات,الموارد البشرية,,"""hr.violations:view"",""hr.violations:list""",,,hr,canonical,
/hr/violations/penalty-escalation,hrRoutes.tsx,PenaltyEscalation,pages/hr/penalty-escalation,تصعيد العقوبات,الموارد البشرية,,"""hr.discipline:view"",""hr.discipline:list""",,,hr,canonical,
/hr/wps,hrRoutes.tsx,WpsRuns,pages/hr/wps-runs,نظام حماية الأجور (WPS),الموارد البشرية,,,,,hr,canonical,
/hr/wps/:x,hrRoutes.tsx,WpsRunDetail,pages/hr/wps-run-detail,,,,,,,hr,deep-link-only,
/inbox,commsRoutes.tsx,Inbox,pages/inbox,التواصل;صندوقي الموحّد,الإدارة والحوكمة,comms,,,,inbox,canonical,
/insights,miscRoutes.tsx,Insights,pages/insights,الرؤى الذكية,النظام,,,bi,,insights,canonical,
/intelligence,miscRoutes.tsx,Intelligence,pages/intelligence,لوحة الذكاء,النظام,,,bi,,intelligence,canonical,
/intelligence/ai-workbench,miscRoutes.tsx,AiWorkbench,pages/ai-workbench,منصة AI,النظام,,,bi,,intelligence,canonical,
/legal,legalRoutes.tsx,Legal,pages/legal,نظرة عامة,الإدارة والحوكمة,,,,,legal,canonical;tabbed-page,
/legal/cases,legalRoutes.tsx,Legal,pages/legal,الشؤون القانونية;القضايا,الإدارة والحوكمة,legal,,,,legal,canonical;tabbed-page,
/legal/cases/:x,legalRoutes.tsx,LegalCaseDetail,pages/legal-case-detail,,,,,,,legal,deep-link-only,
/legal/cases/create,legalRoutes.tsx,LegalCasesCreate,pages/create/legal-cases-create,,,,,,,legal,deep-link-only,
/legal/contracts,legalRoutes.tsx,Legal,pages/legal,العقود القانونية,الإدارة والحوكمة,,,,,legal,canonical;tabbed-page,
/legal/contracts/:x,legalRoutes.tsx,LegalContractDetail,pages/details/legal-contract-detail,,,,,,,legal,deep-link-only,
/legal/correspondence,legalRoutes.tsx,LegalCorrespondence,pages/legal/correspondence,المراسلات,الإدارة والحوكمة,,,,,legal,canonical,
/legal/create,legalRoutes.tsx,LegalCreate,pages/create/legal-create,,,,,,,legal,deep-link-only,
/legal/documents,legalRoutes.tsx,Legal,pages/legal,الوثائق القانونية,الإدارة والحوكمة,,,,,legal,canonical;tabbed-page,
/legal/judgments,legalRoutes.tsx,LegalJudgments,pages/legal/judgments,الأحكام القضائية,الإدارة والحوكمة,,,,,legal,canonical,
/legal/judgments/:x,legalRoutes.tsx,LegalJudgmentDetail,pages/details/legal-judgment-detail,,,,,,,legal,deep-link-only,
/legal/sessions,legalRoutes.tsx,LegalSessions,pages/legal/sessions,الجلسات القادمة,الإدارة والحوكمة,,,,,legal,canonical,
/legal/sessions/:x,legalRoutes.tsx,LegalSessionDetail,pages/details/legal-session-detail,,,,,,,legal,deep-link-only,
/mailboxes,commsRoutes.tsx,Mailboxes,pages/mailboxes,الصناديق المتصلة,الإدارة والحوكمة,,,,,mailboxes,canonical,
/manager-board,miscRoutes.tsx,ManagerBoard,pages/manager-board,لوحات الإدارة;لوحة المدير,الرئيسية,,,,,manager-board,canonical,
/manager-board/reprint-approvals,miscRoutes.tsx,ReprintApprovals,pages/manager-board/reprint-approvals,موافقات إعادة الطباعة,النظام,,print:reprint:approve,,,manager-board,canonical,
/manager-workspace,miscRoutes.tsx,ManagerWorkspace,pages/manager-workspace,مساحة المدير,الرئيسية,,,,,manager-workspace,canonical,
/marketing,miscRoutes.tsx,Marketing,pages/marketing,التسويق,العلاقات,marketing,,marketing,,marketing,canonical,
/marketing/create,miscRoutes.tsx,MarketingCreate,pages/create/marketing-create,,,,,marketing,,marketing,deep-link-only,
/me/driver,fleetRoutes.tsx,MeDriver,pages/fleet/me-driver,لوحة السائق,الأسطول والنقل,fleet,,,,me,canonical,
/me/driver/navigation,fleetRoutes.tsx,MeDriverNavigation,pages/fleet/me-driver-navigation,ملاحة السائق,الأسطول والنقل,fleet,,,,me,canonical,
/module-dashboards,miscRoutes.tsx,ModuleDashboards,pages/module-dashboards,لوحات مؤشرات المسارات;لوحة التحكم;لوحة الموارد البشرية,الأسطول والنقل;الرئيسية;العلاقات;المستودعات والمتجر;الموارد البشرية,bi,,bi,,module-dashboards,canonical,
/my-attendance,miscRoutes.tsx,MyAttendance,pages/my-attendance,حضوري وانصرافي;معلوماتي,بوابة الموظف,,,,,my-attendance,canonical,
/my-documents,miscRoutes.tsx,MyDocuments,pages/my-documents,مستنداتي,بوابة الموظف,,,,,my-documents,canonical,
/my-loans,miscRoutes.tsx,MyLoans,pages/my-loans,سلفي,بوابة الموظف,,,,,my-loans,canonical,
/my-overtime,miscRoutes.tsx,MyOvertime,pages/my-overtime,ساعاتي الإضافية,بوابة الموظف,,,,,my-overtime,canonical,
/my-payslip,miscRoutes.tsx,MyPayslip,pages/my-payslip,كشف راتبي,بوابة الموظف,,,,,my-payslip,canonical,
/my-performance,miscRoutes.tsx,MyPerformance,pages/my-performance,تقييمي,بوابة الموظف,,,,,my-performance,canonical,
/my-requests,miscRoutes.tsx,MyRequests,pages/my-requests,طلباتي;كل طلباتي,بوابة الموظف,,,,,my-requests,canonical,
/my-space,miscRoutes.tsx,MySpace,pages/my-space,مساحاتي;مساحتي,الرئيسية,,,,,my-space,canonical,
/my/field-companion,miscRoutes.tsx,FieldCompanion,pages/my/field-companion,رفيق الميدان,الرئيسية,,,,,my,canonical,
/my/work-queue,miscRoutes.tsx,WorkQueue,pages/my/work-queue,,,,,,,my,orphan,route exists but not in nav
/notifications,miscRoutes.tsx,Notifications,pages/notifications,إشعاراتي,الرئيسية,,,,,notifications,canonical,
/obligations,miscRoutes.tsx,Obligations,pages/obligations,مركز الالتزامات,الرئيسية,,,operations,,obligations,canonical,
/operations-center,miscRoutes.tsx,OperationsCenter,pages/operations-center,مركز العمليات,الرئيسية,,,operations,,operations-center,canonical,
/projects,miscRoutes.tsx,Projects,pages/projects,المشاريع والمهام;قائمة المشاريع,المشاريع,operations,,operations,,projects,canonical,
/projects/:x,miscRoutes.tsx,ProjectDetail,pages/details/project-detail,,,,,operations,,projects,deep-link-only,
/projects/create,miscRoutes.tsx,ProjectsCreate,pages/create/projects-create,,,,,operations,,projects,deep-link-only,
/projects/gantt,miscRoutes.tsx,ProjectGantt,pages/projects/gantt,مخطط غانت,المشاريع,,,operations,,projects,canonical,
/projects/risks,miscRoutes.tsx,ProjectRisks,pages/projects/risks,المخاطر,المشاريع,,,operations,,projects,canonical,
/properties,propertyRoutes.tsx,Properties,pages/properties,الوحدات العقارية,إدارة الأملاك,,,,,properties,canonical,
/properties/:x,propertyRoutes.tsx,UnitDetail,pages/details/unit-detail,,,,,,,properties,deep-link-only,
/properties/:x/status,propertyRoutes.tsx,UnitStatusChange,pages/create/properties/unit-status-change,,,,,,,properties,deep-link-only,
/properties/buildings,propertyRoutes.tsx,PropertiesBuildings,pages/properties-buildings,المباني والمجمعات,إدارة الأملاك,,,,,properties,canonical,
/properties/buildings/:x,propertyRoutes.tsx,BuildingDetail,pages/details/building-detail,,,,,,,properties,deep-link-only,
/properties/buildings/create,propertyRoutes.tsx,BuildingsCreate,pages/create/properties/buildings-create,,,,,,,properties,deep-link-only,
/properties/contracts,propertyRoutes.tsx,PropertiesContracts,pages/properties-contracts,عقود الإيجار,إدارة الأملاك,,,,,properties,canonical,
/properties/contracts/:x,propertyRoutes.tsx,ContractDetail,pages/properties/contract-detail,,,,,,,properties,deep-link-only,
/properties/contracts/:x/pay/:x,propertyRoutes.tsx,PaymentRecord,pages/create/properties/payment-record,,,,,,,properties,deep-link-only,
/properties/contracts/create,propertyRoutes.tsx,ContractsCreate,pages/create/properties/contracts-create,,,,,,,properties,deep-link-only,
/properties/create,propertyRoutes.tsx,PropertiesCreate,pages/create/properties-create,,,,,,,properties,deep-link-only,
/properties/dashboard,propertyRoutes.tsx,PropertiesDashboard,pages/properties-dashboard,إدارة الأملاك;نظرة عامة,إدارة الأملاك,property,,,,properties,canonical,
/properties/deposits,propertyRoutes.tsx,PropertyDeposits,pages/properties/deposits,ودائع الضمان,إدارة الأملاك,,,,,properties,canonical,
/properties/guide,propertyRoutes.tsx,PropertiesGuide,pages/properties-guide,دليل العقارات,إدارة الأملاك,,,,,properties,canonical;cross-module-duplicate,
/properties/inspections,propertyRoutes.tsx,PropertyInspections,pages/properties/inspections,الفحص والتفتيش,إدارة الأملاك,,,,,properties,canonical,
/properties/maintenance,propertyRoutes.tsx,PropertiesMaintenance,pages/properties-maintenance,طلبات الصيانة,إدارة الأملاك,,,,,properties,canonical,
/properties/maintenance/:x,propertyRoutes.tsx,PropertyMaintenanceDetail,pages/details/property-maintenance-detail,,,,,,,properties,deep-link-only,
/properties/maintenance/create,propertyRoutes.tsx,PropertyMaintenanceCreate,pages/create/properties/maintenance-create,,,,,,,properties,deep-link-only,
/properties/occupancy-report,propertyRoutes.tsx,OccupancyReport,pages/properties/occupancy-report,تقرير الإشغال,إدارة الأملاك,,,,,properties,canonical,
/properties/owners,propertyRoutes.tsx,PropertiesOwners,pages/properties-owners,الملاك,إدارة الأملاك,,,,,properties,canonical,
/properties/owners/:x,propertyRoutes.tsx,OwnerDetail,pages/details/owner-detail,,,,,,,properties,deep-link-only,
/properties/owners/:x/edit,propertyRoutes.tsx,OwnersEdit,pages/create/properties/owners-edit,,,,,,,properties,deep-link-only,
/properties/owners/create,propertyRoutes.tsx,OwnersCreate,pages/create/properties/owners-create,,,,,,,properties,deep-link-only,
/properties/owners/statement,propertyRoutes.tsx,PropertiesOwnerStatement,pages/properties-owner-statement,كشف حساب المالك,إدارة الأملاك,,,,,properties,canonical,
/properties/payments,propertyRoutes.tsx,PropertiesPayments,pages/properties-payments,المدفوعات,إدارة الأملاك,,,,,properties,canonical,
/properties/payments/:x,propertyRoutes.tsx,PropertyPaymentDetail,pages/details/property-payment-detail,,,,,,,properties,deep-link-only,
/properties/payments/:x/pay,propertyRoutes.tsx,PaymentRegister,pages/create/properties/payment-register,,,,,,,properties,deep-link-only,
/properties/tenants,propertyRoutes.tsx,PropertiesTenants,pages/properties-tenants,المستأجرون,إدارة الأملاك,,,,,properties,canonical,
/properties/tenants/:x,propertyRoutes.tsx,TenantDetail,pages/details/tenant-detail,,,,,,,properties,deep-link-only,
/properties/tenants/create,propertyRoutes.tsx,TenantsCreate,pages/create/properties/tenants-create,,,,,,,properties,deep-link-only,
/reports/print-log,biRoutes.tsx,PrintLog,pages/reports/print-log,الطباعة والمطبوعات;سجل المطبوعات,النظام,bi,print_jobs:read,,,reports,canonical,
/reports/scheduled,miscRoutes.tsx,ScheduledReports,pages/reports/scheduled-reports,التقارير المجدولة,النظام,bi,"""bi:read"", ""reports:read""",bi,,reports,canonical,
/requests,requestsRoutes.tsx,RequestsPage,pages/requests-page,تقديم طلب;مركز الطلبات,الإدارة والحوكمة,requests,,,,requests,canonical;tabbed-page,
/requests/:x,requestsRoutes.tsx,RequestDetail,pages/details/request-detail,,,,,,,requests,deep-link-only,
/requests/types,requestsRoutes.tsx,RequestsPage,pages/requests-page,أنواع الطلبات,الإدارة والحوكمة,,,,,requests,canonical;tabbed-page,
/requests/workflows,requestsRoutes.tsx,RequestsPage,pages/requests-page,سير العمل,الإدارة والحوكمة,,,,,requests,canonical;tabbed-page,
/services,miscRoutes.tsx,Services,pages/services,كل الخدمات,الرئيسية,,,,,services,canonical,
/settings,settingsRoutes.tsx,Settings,pages/settings,الإعدادات;عام,النظام,settings,,,,settings,canonical;tabbed-page,
/settings/audit-log,settingsRoutes.tsx,Settings,pages/settings,سجل المراجعة,النظام,,"""audit:read"", ""settings:write""",,,settings,canonical;tabbed-page,
/settings/branches,settingsRoutes.tsx,Settings,pages/settings,الفروع,النظام,,settings:write,,,settings,canonical;tabbed-page,
/settings/companies,settingsRoutes.tsx,Settings,pages/settings,الشركات,النظام,,settings:write,,,settings,canonical;tabbed-page,
/settings/departments,settingsRoutes.tsx,Settings,pages/settings,الأقسام,النظام,,settings:write,,,settings,canonical;tabbed-page,
/settings/print-templates,settingsRoutes.tsx,PrintTemplates,pages/settings/print-templates,قوالب الطباعة,النظام,settings,templates:read,,,settings,canonical,
/settings/rules,settingsRoutes.tsx,SettingsRules,pages/settings-rules,قواعد الأعمال,النظام,,settings:write,,,settings,canonical,
/store,storeRoutes.tsx,Store,pages/store,المتجر,المستودعات والمتجر,store,,,,store,canonical;tabbed-page,
/store/orders,storeRoutes.tsx,Store,pages/store,الطلبات,المستودعات والمتجر,,,,,store,canonical;tabbed-page,
/store/orders/:x,storeRoutes.tsx,OrderDetail,pages/store/order-detail,,,,,,,store,deep-link-only,
/store/products,storeRoutes.tsx,Store,pages/store,المنتجات,المستودعات والمتجر,,,,,store,canonical;tabbed-page,
/store/products/:x,storeRoutes.tsx,ProductDetail,pages/store/product-detail,,,,,,,store,deep-link-only,
/support,miscRoutes.tsx,Support,pages/support,التذاكر;الدعم الفني,العلاقات,support,,support,,support,canonical,
/support/:x,miscRoutes.tsx,TicketDetail,pages/details/ticket-detail,,,,,support,,support,deep-link-only,
/support/create,miscRoutes.tsx,SupportCreate,pages/create/support-create,,,,,support,,support,deep-link-only,
/support/kb,miscRoutes.tsx,KnowledgeBase,pages/support/kb,قاعدة المعرفة,العلاقات,,,support,,support,canonical,
/support/replies,miscRoutes.tsx,SupportReplies,pages/support/replies,الردود الجاهزة,العلاقات,,,support,,support,canonical,
/tasks,miscRoutes.tsx,Tasks,pages/tasks,المهام,المشاريع,,,operations,,tasks,canonical,
/tasks/:x,miscRoutes.tsx,TaskDetail,pages/details/task-detail,,,,,operations,,tasks,deep-link-only,
/tasks/create,miscRoutes.tsx,TasksCreate,pages/create/tasks-create,,,,,operations,,tasks,deep-link-only,
/umrah,umrahRoutes.tsx,UmrahDashboard,pages/umrah/dashboard,إدارة العمرة;لوحة التشغيل,العمرة,operations,,operations,,umrah,canonical,
/umrah/accommodations,umrahRoutes.tsx,UmrahAccommodations,pages/umrah/accommodations,السكن والإقامة,العمرة,,,operations,,umrah,canonical,
/umrah/agents,umrahRoutes.tsx,UmrahAgents,pages/umrah/agents,الوكلاء الرئيسيين,العمرة,,,operations,,umrah,canonical,
/umrah/agents/:x,umrahRoutes.tsx,UmrahAgentDetail,pages/details/umrah-agent-detail,,,,,operations,,umrah,deep-link-only,
/umrah/attachments,umrahRoutes.tsx,UmrahAttachments,pages/umrah/attachments,المرفقات,العمرة,,,operations,,umrah,canonical,
/umrah/calendar,umrahRoutes.tsx,UmrahCalendar,pages/umrah/calendar,التقويم التشغيلي,العمرة,,,operations,,umrah,canonical,
/umrah/commission-calculations,umrahRoutes.tsx,UmrahCommissionCalculations,pages/umrah/commission-calculations,حساب العمولات,العمرة,,,operations,,umrah,canonical,
/umrah/commission-plans,umrahRoutes.tsx,UmrahCommissionPlans,pages/umrah/commission-plans,خطط العمولات,العمرة,,,operations,,umrah,canonical,
/umrah/commission-plans/:x/edit,umrahRoutes.tsx,UmrahCommissionPlanEditor,pages/umrah/commission-plan-editor,,,,,operations,,umrah,deep-link-only;tabbed-page,
/umrah/commission-plans/new,umrahRoutes.tsx,UmrahCommissionPlanEditor,pages/umrah/commission-plan-editor,,,,,operations,,umrah,orphan;tabbed-page,route exists but not in nav
/umrah/compliance,umrahRoutes.tsx,UmrahCompliance,pages/umrah/compliance,الامتثال,العمرة,,,operations,,umrah,canonical,
/umrah/daily-runsheet,umrahRoutes.tsx,UmrahDailyRunsheet,pages/umrah/daily-runsheet,البرنامج اليومي,العمرة,,,operations,,umrah,canonical,
/umrah/exempt-pilgrims,umrahRoutes.tsx,UmrahExemptPilgrims,pages/umrah/exempt-pilgrims,المعتمرون المعفون,العمرة,,,operations,,umrah,canonical,
/umrah/groups,umrahRoutes.tsx,UmrahGroups,pages/umrah/groups,المجموعات,العمرة,,,operations,,umrah,canonical,
/umrah/groups/:x,umrahRoutes.tsx,UmrahGroupDetail,pages/details/umrah-group-detail,,,,,operations,,umrah,deep-link-only,
/umrah/import,umrahRoutes.tsx,UmrahImportWizard,pages/umrah/import-wizard,استيراد البيانات,العمرة,,,operations,,umrah,canonical,
/umrah/import/:x/unlinked,umrahRoutes.tsx,UmrahImportUnlinked,pages/umrah/import-unlinked,,,,,operations,,umrah,deep-link-only,
/umrah/invoices,umrahRoutes.tsx,UmrahInvoices,pages/umrah/invoices,الفواتير,العمرة,,,operations,,umrah,canonical,
/umrah/invoices/:x,umrahRoutes.tsx,UmrahInvoiceDetail,pages/details/umrah-invoice-detail,,,,,operations,,umrah,deep-link-only,
/umrah/packages,umrahRoutes.tsx,UmrahPackages,pages/umrah/packages,الباقات,العمرة,,,operations,,umrah,canonical,
/umrah/packages/:x,umrahRoutes.tsx,UmrahPackageDetail,pages/details/umrah-package-detail,,,,,operations,,umrah,deep-link-only,
/umrah/payments,umrahRoutes.tsx,UmrahPayments,pages/umrah/payments,المدفوعات,العمرة,,,operations,,umrah,canonical,
/umrah/penalties,umrahRoutes.tsx,UmrahPenalties,pages/umrah/penalties,الغرامات,العمرة,,,operations,,umrah,canonical,
/umrah/penalties/:x,umrahRoutes.tsx,UmrahPenaltyDetail,pages/details/umrah-penalty-detail,,,,,operations,,umrah,deep-link-only,
/umrah/pilgrims,umrahRoutes.tsx,UmrahPilgrims,pages/umrah/pilgrims,المعتمرين,العمرة,,,operations,,umrah,canonical,
/umrah/pilgrims/:x,umrahRoutes.tsx,PilgrimDetail,pages/umrah/pilgrim-detail,,,,,operations,,umrah,deep-link-only,
/umrah/pilgrims/create,umrahRoutes.tsx,PilgrimCreate,pages/umrah/pilgrim-create,,,,,operations,,umrah,deep-link-only,
/umrah/pricing,umrahRoutes.tsx,UmrahPricing,pages/umrah/pricing,التسعير,العمرة,,,operations,,umrah,canonical,
/umrah/reconciliation,umrahRoutes.tsx,UmrahReconciliation,pages/umrah/reconciliation,التسوية والمطابقة,العمرة,,,operations,,umrah,canonical,
/umrah/reports,umrahRoutes.tsx,UmrahReportsHub,pages/umrah/reports/index,التقارير,العمرة,,,operations,,umrah,canonical,
/umrah/reports/agent-balances,umrahRoutes.tsx,UmrahAgentBalancesReport,pages/umrah/reports/agent-balances,أرصدة الوكلاء,العمرة,,,operations,,umrah,canonical,
/umrah/reports/agent-profitability,umrahRoutes.tsx,UmrahAgentProfitabilityReport,pages/umrah/reports/agent-profitability,ربحية الوكلاء,العمرة,,,operations,,umrah,canonical,
/umrah/reports/commissions-summary,umrahRoutes.tsx,UmrahCommissionsSummaryReport,pages/umrah/reports/commissions-summary,ملخّص العمولات,العمرة,,,operations,,umrah,canonical,
/umrah/reports/group-profitability,umrahRoutes.tsx,UmrahGroupProfitabilityReport,pages/umrah/reports/profitability,ربحية المجموعات,العمرة,,,operations,,umrah,canonical,
/umrah/reports/import-errors-summary,umrahRoutes.tsx,UmrahImportErrorsSummaryReport,pages/umrah/reports/import-errors-summary,ملخّص أخطاء الاستيراد,العمرة,,,operations,,umrah,canonical,
/umrah/reports/nusk-invoices-summary,umrahRoutes.tsx,UmrahNuskInvoicesSummaryReport,pages/umrah/reports/nusk-invoices-summary,ملخّص فواتير نُسك,العمرة,,,operations,,umrah,canonical,
/umrah/reports/pilgrim-movements,umrahRoutes.tsx,UmrahPilgrimMovementsReport,pages/umrah/reports/pilgrim-movements,حركات المعتمرين,العمرة,,,operations,,umrah,canonical,
/umrah/reports/sales-invoices-summary,umrahRoutes.tsx,UmrahSalesInvoicesSummaryReport,pages/umrah/reports/sales-invoices-summary,ملخّص فواتير العملاء,العمرة,,,operations,,umrah,canonical,
/umrah/reports/subagent-balances,umrahRoutes.tsx,UmrahSubAgentBalancesReport,pages/umrah/reports/subagent-balances,أرصدة الوكلاء الفرعيين,العمرة,,,operations,,umrah,canonical,
/umrah/reports/transport-requests,umrahRoutes.tsx,UmrahTransportReport,pages/umrah/reports/transport-requests,النقل المرتبط بالعمرة,العمرة,,,operations,,umrah,canonical,
/umrah/reports/umrah-costs,umrahRoutes.tsx,UmrahCostsReport,pages/umrah/reports/umrah-costs,تكاليف العمرة,العمرة,,,operations,,umrah,canonical,
/umrah/reports/violations-summary,umrahRoutes.tsx,UmrahViolationsSummaryReport,pages/umrah/reports/violations-summary,ملخّص المخالفات,العمرة,,,operations,,umrah,canonical,
/umrah/sales-wizard,umrahRoutes.tsx,UmrahSalesWizard,pages/umrah/sales-wizard,معالج المبيعات,العمرة,,,operations,,umrah,canonical,
/umrah/seasons,umrahRoutes.tsx,UmrahSeasons,pages/umrah/seasons,المواسم,العمرة,,,operations,,umrah,canonical,
/umrah/seasons/:x,umrahRoutes.tsx,UmrahSeasonDetail,pages/details/umrah-season-detail,,,,,operations,,umrah,deep-link-only,
/umrah/settings,umrahRoutes.tsx,UmrahSettings,pages/umrah/settings,الإعدادات,العمرة,,,operations,,umrah,canonical,
/umrah/sub-agents,umrahRoutes.tsx,UmrahSubAgents,pages/umrah/sub-agents,الوكلاء الفرعيين,العمرة,,,operations,,umrah,canonical,
/umrah/sub-agents/:x,umrahRoutes.tsx,UmrahSubAgentDetail,pages/details/umrah-sub-agent-detail,,,,,operations,,umrah,deep-link-only,
/umrah/transport,umrahRoutes.tsx,UmrahTransport,pages/umrah/transport,النقل والمواصلات,العمرة,,,operations,,umrah,canonical,
/umrah/transport-requests,umrahRoutes.tsx,UmrahTransportRequests,pages/umrah/transport-requests,,,,,operations,,umrah,orphan,route exists but not in nav
/umrah/transport/:x,umrahRoutes.tsx,UmrahTransportDetail,pages/details/umrah-transport-detail,,,,,operations,,umrah,deep-link-only,
/umrah/violations,umrahRoutes.tsx,UmrahViolations,pages/umrah/violations,المخالفات النظامية,العمرة,,,operations,,umrah,canonical,
/umrah/violations/:x,umrahRoutes.tsx,UmrahViolationDetail,pages/details/umrah-violation-detail,,,,,operations,,umrah,deep-link-only,
/umrah/violations/create,umrahRoutes.tsx,UmrahViolationCreate,pages/umrah/violation-create,,,,,operations,,umrah,deep-link-only,
/warehouse,miscRoutes.tsx,Warehouse,pages/warehouse,المستودعات,المستودعات والمتجر,warehouse,,warehouse,,warehouse,canonical;tabbed-page,
/warehouse/advanced,miscRoutes.tsx,WarehouseAdvanced,pages/warehouse-advanced,عمليات متقدّمة (دفعات/تسلسلات/ABC),المستودعات والمتجر,,,warehouse,,warehouse,canonical,
/warehouse/categories,miscRoutes.tsx,Warehouse,pages/warehouse,الفئات,المستودعات والمتجر,,,warehouse,,warehouse,canonical;tabbed-page,
/warehouse/categories/:x,miscRoutes.tsx,WarehouseCategoryDetail,pages/details/warehouse-category-detail,,,,,warehouse,,warehouse,deep-link-only,
/warehouse/categories/create,miscRoutes.tsx,WarehouseCategoriesCreate,pages/create/warehouse/categories-create,,,,,warehouse,,warehouse,deep-link-only,
/warehouse/create,miscRoutes.tsx,WarehouseCreate,pages/create/warehouse-create,,,,,warehouse,,warehouse,deep-link-only,
/warehouse/inventory-count,miscRoutes.tsx,InventoryCount,pages/warehouse/inventory-count,جرد المخزون,المستودعات والمتجر,,,warehouse,,warehouse,canonical,
/warehouse/movements,miscRoutes.tsx,Warehouse,pages/warehouse,حركات المخزون,المستودعات والمتجر,,,warehouse,,warehouse,canonical;tabbed-page,
/warehouse/movements/:x,miscRoutes.tsx,WarehouseMovementDetail,pages/details/warehouse-movement-detail,,,,,warehouse,,warehouse,deep-link-only,
/warehouse/movements/create,miscRoutes.tsx,WarehouseMovementsCreate,pages/create/warehouse/movements-create,,,,,warehouse,,warehouse,deep-link-only,
/warehouse/products/:x,miscRoutes.tsx,WarehouseProductDetail,pages/details/warehouse-product-detail,,,,,warehouse,,warehouse,deep-link-only,
/warehouse/suppliers,miscRoutes.tsx,Warehouse,pages/warehouse,الموردين,المستودعات والمتجر,,,warehouse,,warehouse,canonical;tabbed-page,
/warehouse/suppliers/:x,miscRoutes.tsx,WarehouseSupplierDetail,pages/details/warehouse-supplier-detail,,,,,warehouse,,warehouse,deep-link-only,
/warehouse/suppliers/create,miscRoutes.tsx,WarehouseSuppliersCreate,pages/create/finance/vendors-create,,,,,warehouse,,warehouse,cross-module-duplicate;deep-link-only,
/work-inbox,miscRoutes.tsx,WorkInbox,pages/work-inbox,صندوق الأعمال;ما ينتظر إجراءاتي,الرئيسية,,,,,work-inbox,canonical,
/workspace,miscRoutes.tsx,Workspace,pages/workspace,مساحة العمل,الرئيسية,,,,,workspace,canonical,
